Kab. Aceh Barat,Tamat PT,9984
Kab. Aceh Barat,Tamat SD,35798
Kab. Aceh Barat,Tamat SLTA,33821
Kab. Aceh Barat,Tamat SLTP,27952
Kab. Aceh Barat,Tidak/Belum Tamat SD,6399
Kab. Aceh Barat Daya,Tamat PT,6653
Kab. Aceh Barat Daya,Tamat SD,29120
Kab. Aceh Barat Daya,Tamat SLTA,17604
Kab. Aceh Barat Daya,Tamat SLTP,19079
Kab. Aceh Barat Daya,Tidak/Belum Tamat SD,8463
Kab. Aceh Besar,Tamat PT,28446
Kab. Aceh Besar,Tamat SD,49817
Kab. Aceh Besar,Tamat SLTA,90811
Kab. Aceh Besar,Tamat SLTP,59567
Kab. Aceh Besar,Tidak/Belum Tamat SD,9457
Kab. Aceh Jaya,Tamat PT,3402
Kab. Aceh Jaya,Tamat SD,19535
Kab. Aceh Jaya,Tamat SLTA,10359
Kab. Aceh Jaya,Tamat SLTP,13438
Kab. Aceh Jaya,Tidak/Belum Tamat SD,3865
Kab. Aceh Selatan,Tamat PT,9880
Kab. Aceh Selatan,Tamat SD,44133
Kab. Aceh Selatan,Tamat SLTA,31288
Kab. Aceh Selatan,Tamat SLTP,31684
Kab. Aceh Selatan,Tidak/Belum Tamat SD,10696
Kab. Aceh Singkil,Tamat PT,4125
Kab. Aceh Singkil,Tamat SD,19744
Kab. Aceh Singkil,Tamat SLTA,12597
Kab. Aceh Singkil,Tamat SLTP,13317
Kab. Aceh Singkil,Tidak/Belum Tamat SD,7658
Kab. Aceh Tamiang,Tamat PT,8867
Kab. Aceh Tamiang,Tamat SD,57890
Kab. Aceh Tamiang,Tamat SLTA,42746
Kab. Aceh Tamiang,Tamat SLTP,39769
Kab. Aceh Tamiang,Tidak/Belum Tamat SD,12669
Kab. Aceh Tengah,Tamat PT,10999
Kab. Aceh Tengah,Tamat SD,29434
Kab. Aceh Tengah,Tamat SLTA,37324
Kab. Aceh Tengah,Tamat SLTP,29733
Kab. Aceh Tengah,Tidak/Belum Tamat SD,6792
Kab. Aceh Tenggara,Tamat PT,7954
Kab. Aceh Tenggara,Tamat SD,26447
Kab. Aceh Tenggara,Tamat SLTA,36290
Kab. Aceh Tenggara,Tamat SLTP,33408
Kab. Aceh Tenggara,Tidak/Belum Tamat SD,5140
Kab. Aceh Timur,Tamat PT,8682
Kab. Aceh Timur,Tamat SD,99061
Kab. Aceh Timur,Tamat SLTA,41588
Kab. Aceh Timur,Tamat SLTP,63259
Kab. Aceh Timur,Tidak/Belum Tamat SD,12989
Kab. Aceh Utara,Tamat PT,17260
Kab. Aceh Utara,Tamat SD,126587
Kab. Aceh Utara,Tamat SLTA,79036
Kab. Aceh Utara,Tamat SLTP,94059
Kab. Aceh Utara,Tidak/Belum Tamat SD,21108
Kab. Agam,Tamat PT,22609
Kab. Agam,Tamat SD,96418
Kab. Agam,Tamat SLTA,76521
Kab. Agam,Tamat SLTP,71403
Kab. Agam,Tidak/Belum Tamat SD,35895
Kab. Alor,Tamat PT,5913
Kab. Alor,Tamat SD,47797
Kab. Alor,Tamat SLTA,19329
Kab. Alor,Tamat SLTP,21466
Kab. Alor,Tidak/Belum Tamat SD,15263
Kab. Asahan,Tamat PT,18607
Kab. Asahan,Tamat SD,157643
Kab. Asahan,Tamat SLTA,116693
Kab. Asahan,Tamat SLTP,114548
Kab. Asahan,Tidak/Belum Tamat SD,29108
Kab. Asmat,Tamat PT,1156
Kab. Asmat,Tamat SD,11529
Kab. Asmat,Tamat SLTA,3390
Kab. Asmat,Tamat SLTP,3925
Kab. Asmat,Tidak/Belum Tamat SD,9699
Kab. Badung,Tamat PT,47451
Kab. Badung,Tamat SD,84459
Kab. Badung,Tamat SLTA,161860
Kab. Badung,Tamat SLTP,69893
Kab. Badung,Tidak/Belum Tamat SD,13167
Kab. Balangan,Tamat PT,3513
Kab. Balangan,Tamat SD,30828
Kab. Balangan,Tamat SLTA,10473
Kab. Balangan,Tamat SLTP,15024
Kab. Balangan,Tidak/Belum Tamat SD,11919
Kab. Bandung,Tamat PT,134266
Kab. Bandung,Tamat SD,844847
Kab. Bandung,Tamat SLTA,532506
Kab. Bandung,Tamat SLTP,556021
Kab. Bandung,Tidak/Belum Tamat SD,89820
Kab. Bandung Barat,Tamat PT,49631
Kab. Bandung Barat,Tamat SD,500453
Kab. Bandung Barat,Tamat SLTA,192280
Kab. Bandung Barat,Tamat SLTP,224412
Kab. Bandung Barat,Tidak/Belum Tamat SD,51504
Kab. Banggai,Tamat PT,11849
Kab. Banggai,Tamat SD,89145
Kab. Banggai,Tamat SLTA,44661
Kab. Banggai,Tamat SLTP,45134
Kab. Banggai,Tidak/Belum Tamat SD,20578
Kab. Banggai Kepulauan,Tamat PT,5349
Kab. Banggai Kepulauan,Tamat SD,55731
Kab. Banggai Kepulauan,Tamat SLTA,16327
Kab. Banggai Kepulauan,Tamat SLTP,20135
Kab. Banggai Kepulauan,Tidak/Belum Tamat SD,7413
Kab. Bangka,Tamat PT,9953
Kab. Bangka,Tamat SD,70754
Kab. Bangka,Tamat SLTA,46996
Kab. Bangka,Tamat SLTP,38744
Kab. Bangka,Tidak/Belum Tamat SD,21918
Kab. Bangka Barat,Tamat PT,4667
Kab. Bangka Barat,Tamat SD,48106
Kab. Bangka Barat,Tamat SLTA,21159
Kab. Bangka Barat,Tamat SLTP,20574
Kab. Bangka Barat,Tidak/Belum Tamat SD,13574
Kab. Bangka Selatan,Tamat PT,3377
Kab. Bangka Selatan,Tamat SD,48186
Kab. Bangka Selatan,Tamat SLTA,12744
Kab. Bangka Selatan,Tamat SLTP,15865
Kab. Bangka Selatan,Tidak/Belum Tamat SD,26564
Kab. Bangka Tengah,Tamat PT,4106
Kab. Bangka Tengah,Tamat SD,45057
Kab. Bangka Tengah,Tamat SLTA,19088
Kab. Bangka Tengah,Tamat SLTP,19110
Kab. Bangka Tengah,Tidak/Belum Tamat SD,18961
Kab. Bangkalan,Tamat PT,17471
Kab. Bangkalan,Tamat SD,272757
Kab. Bangkalan,Tamat SLTA,60687
Kab. Bangkalan,Tamat SLTP,75475
Kab. Bangkalan,Tidak/Belum Tamat SD,46867
Kab. Bangli,Tamat PT,6894
Kab. Bangli,Tamat SD,61399
Kab. Bangli,Tamat SLTA,24696
Kab. Bangli,Tamat SLTP,24156
Kab. Bangli,Tidak/Belum Tamat SD,9807
Kab. Banjar,Tamat PT,15570
Kab. Banjar,Tamat SD,135531
Kab. Banjar,Tamat SLTA,62683
Kab. Banjar,Tamat SLTP,74173
Kab. Banjar,Tidak/Belum Tamat SD,48697
Kab. Banjarnegara,Tamat PT,22682
Kab. Banjarnegara,Tamat SD,302052
Kab. Banjarnegara,Tamat SLTA,64599
Kab. Banjarnegara,Tamat SLTP,109697
Kab. Banjarnegara,Tidak/Belum Tamat SD,63276
Kab. Bantaeng,Tamat PT,5999
Kab. Bantaeng,Tamat SD,27880
Kab. Bantaeng,Tamat SLTA,14619
Kab. Bantaeng,Tamat SLTP,13809
Kab. Bantaeng,Tidak/Belum Tamat SD,12888
Kab. Bantul,Tamat PT,72955
Kab. Bantul,Tamat SD,154729
Kab. Bantul,Tamat SLTA,223031
Kab. Bantul,Tamat SLTP,139133
Kab. Bantul,Tidak/Belum Tamat SD,46392
Kab. Banyu Asin,Tamat PT,14432
Kab. Banyu Asin,Tamat SD,229858
Kab. Banyu Asin,Tamat SLTA,79684
Kab. Banyu Asin,Tamat SLTP,92407
Kab. Banyu Asin,Tidak/Belum Tamat SD,62640
Kab. Banyumas,Tamat PT,61485
Kab. Banyumas,Tamat SD,451404
Kab. Banyumas,Tamat SLTA,212469
Kab. Banyumas,Tamat SLTP,223023
Kab. Banyumas,Tidak/Belum Tamat SD,126791
Kab. Banyuwangi,Tamat PT,41648
Kab. Banyuwangi,Tamat SD,438399
Kab. Banyuwangi,Tamat SLTA,197520
Kab. Banyuwangi,Tamat SLTP,252749
Kab. Banyuwangi,Tidak/Belum Tamat SD,100141
Kab. Barito Kuala,Tamat PT,7775
Kab. Barito Kuala,Tamat SD,69582
Kab. Barito Kuala,Tamat SLTA,29498
Kab. Barito Kuala,Tamat SLTP,41440
Kab. Barito Kuala,Tidak/Belum Tamat SD,31975
Kab. Barito Selatan,Tamat PT,5730
Kab. Barito Selatan,Tamat SD,30721
Kab. Barito Selatan,Tamat SLTA,17806
Kab. Barito Selatan,Tamat SLTP,20579
Kab. Barito Selatan,Tidak/Belum Tamat SD,8147
Kab. Barito Timur,Tamat PT,5229
Kab. Barito Timur,Tamat SD,21906
Kab. Barito Timur,Tamat SLTA,16613
Kab. Barito Timur,Tamat SLTP,16224
Kab. Barito Timur,Tidak/Belum Tamat SD,5724
Kab. Barito Utara,Tamat PT,5147
Kab. Barito Utara,Tamat SD,28858
Kab. Barito Utara,Tamat SLTA,16948
Kab. Barito Utara,Tamat SLTP,19956
Kab. Barito Utara,Tidak/Belum Tamat SD,9244
Kab. Barru,Tamat PT,8944
Kab. Barru,Tamat SD,41764
Kab. Barru,Tamat SLTA,21556
Kab. Barru,Tamat SLTP,20653
Kab. Barru,Tidak/Belum Tamat SD,8342
Kab. Batang,Tamat PT,17461
Kab. Batang,Tamat SD,233502
Kab. Batang,Tamat SLTA,57057
Kab. Batang,Tamat SLTP,104386
Kab. Batang,Tidak/Belum Tamat SD,52781
Kab. Batang Hari,Tamat PT,8181
Kab. Batang Hari,Tamat SD,58489
Kab. Batang Hari,Tamat SLTA,31076
Kab. Batang Hari,Tamat SLTP,36843
Kab. Batang Hari,Tidak/Belum Tamat SD,17594
Kab. Batu Bara,Tamat PT,8485
Kab. Batu Bara,Tamat SD,86714
Kab. Batu Bara,Tamat SLTA,56129
Kab. Batu Bara,Tamat SLTP,60456
Kab. Batu Bara,Tidak/Belum Tamat SD,25032
Kab. Bekasi,Tamat PT,118130
Kab. Bekasi,Tamat SD,471368
Kab. Bekasi,Tamat SLTA,680099
Kab. Bekasi,Tamat SLTP,375312
Kab. Bekasi,Tidak/Belum Tamat SD,77602
Kab. Belitung,Tamat PT,5738
Kab. Belitung,Tamat SD,42006
Kab. Belitung,Tamat SLTA,25853
Kab. Belitung,Tamat SLTP,22338
Kab. Belitung,Tidak/Belum Tamat SD,13319
Kab. Belitung Timur,Tamat PT,3759
Kab. Belitung Timur,Tamat SD,30401
Kab. Belitung Timur,Tamat SLTA,16115
Kab. Belitung Timur,Tamat SLTP,15142
Kab. Belitung Timur,Tidak/Belum Tamat SD,9081
Kab. Belu,Tamat PT,7920
Kab. Belu,Tamat SD,75978
Kab. Belu,Tamat SLTA,33136
Kab. Belu,Tamat SLTP,32893
Kab. Belu,Tidak/Belum Tamat SD,17346
Kab. Bener Meriah,Tamat PT,5511
Kab. Bener Meriah,Tamat SD,22736
Kab. Bener Meriah,Tamat SLTA,23336
Kab. Bener Meriah,Tamat SLTP,23746
Kab. Bener Meriah,Tidak/Belum Tamat SD,4297
Kab. Bengkalis,Tamat PT,22079
Kab. Bengkalis,Tamat SD,98013
Kab. Bengkalis,Tamat SLTA,104967
Kab. Bengkalis,Tamat SLTP,74328
Kab. Bengkalis,Tidak/Belum Tamat SD,18764
Kab. Bengkayang,Tamat PT,4598
Kab. Bengkayang,Tamat SD,51927
Kab. Bengkayang,Tamat SLTA,20003
Kab. Bengkayang,Tamat SLTP,27524
Kab. Bengkayang,Tidak/Belum Tamat SD,22154
Kab. Bengkulu Selatan,Tamat PT,8170
Kab. Bengkulu Selatan,Tamat SD,24492
Kab. Bengkulu Selatan,Tamat SLTA,27768
Kab. Bengkulu Selatan,Tamat SLTP,23007
Kab. Bengkulu Selatan,Tidak/Belum Tamat SD,8987
Kab. Bengkulu Tengah,Tamat PT,2254
Kab. Bengkulu Tengah,Tamat SD,21533
Kab. Bengkulu Tengah,Tamat SLTA,12079
Kab. Bengkulu Tengah,Tamat SLTP,14290
Kab. Bengkulu Tengah,Tidak/Belum Tamat SD,9368
Kab. Bengkulu Utara,Tamat PT,8157
Kab. Bengkulu Utara,Tamat SD,64060
Kab. Bengkulu Utara,Tamat SLTA,33772
Kab. Bengkulu Utara,Tamat SLTP,39137
Kab. Bengkulu Utara,Tidak/Belum Tamat SD,19872
Kab. Berau,Tamat PT,8279
Kab. Berau,Tamat SD,37232
Kab. Berau,Tamat SLTA,33554
Kab. Berau,Tamat SLTP,26686
Kab. Berau,Tidak/Belum Tamat SD,10336
Kab. Biak Numfor,Tamat PT,6400
Kab. Biak Numfor,Tamat SD,20602
Kab. Biak Numfor,Tamat SLTA,27524
Kab. Biak Numfor,Tamat SLTP,18423
Kab. Biak Numfor,Tidak/Belum Tamat SD,4919
Kab. Bima,Tamat PT,16163
Kab. Bima,Tamat SD,68206
Kab. Bima,Tamat SLTA,72957
Kab. Bima,Tamat SLTP,54798
Kab. Bima,Tidak/Belum Tamat SD,21698
Kab. Bintan,Tamat PT,5777
Kab. Bintan,Tamat SD,25268
Kab. Bintan,Tamat SLTA,31814
Kab. Bintan,Tamat SLTP,19373
Kab. Bintan,Tidak/Belum Tamat SD,11265
Kab. Bireuen,Tamat PT,20506
Kab. Bireuen,Tamat SD,78680
Kab. Bireuen,Tamat SLTA,76173
Kab. Bireuen,Tamat SLTP,79265
Kab. Bireuen,Tidak/Belum Tamat SD,10383
Kab. Blitar,Tamat PT,33043
Kab. Blitar,Tamat SD,324235
Kab. Blitar,Tamat SLTA,138213
Kab. Blitar,Tamat SLTP,197010
Kab. Blitar,Tidak/Belum Tamat SD,81911
Kab. Blora,Tamat PT,22188
Kab. Blora,Tamat SD,271663
Kab. Blora,Tamat SLTA,83920
Kab. Blora,Tamat SLTP,117740
Kab. Blora,Tidak/Belum Tamat SD,40997
Kab. Boalemo,Tamat PT,2851
Kab. Boalemo,Tamat SD,29047
Kab. Boalemo,Tamat SLTA,9320
Kab. Boalemo,Tamat SLTP,11482
Kab. Boalemo,Tidak/Belum Tamat SD,30046
Kab. Bogor,Tamat PT,175538
Kab. Bogor,Tamat SD,1235182
Kab. Bogor,Tamat SLTA,758309
Kab. Bogor,Tamat SLTP,676279
Kab. Bogor,Tidak/Belum Tamat SD,231534
Kab. Bojonegoro,Tamat PT,30730
Kab. Bojonegoro,Tamat SD,357278
Kab. Bojonegoro,Tamat SLTA,130161
Kab. Bojonegoro,Tamat SLTP,199682
Kab. Bojonegoro,Tidak/Belum Tamat SD,55968
Kab. Bolaang Mongondow,Tamat PT,3600
Kab. Bolaang Mongondow,Tamat SD,57703
Kab. Bolaang Mongondow,Tamat SLTA,23934
Kab. Bolaang Mongondow,Tamat SLTP,34971
Kab. Bolaang Mongondow,Tidak/Belum Tamat SD,22933
Kab. Bolaang Mongondow Selatan,Tamat PT,984
Kab. Bolaang Mongondow Selatan,Tamat SD,16905
Kab. Bolaang Mongondow Selatan,Tamat SLTA,4604
Kab. Bolaang Mongondow Selatan,Tamat SLTP,7772
Kab. Bolaang Mongondow Selatan,Tidak/Belum Tamat SD,6169
Kab. Bolaang Mongondow Timur,Tamat PT,1176
Kab. Bolaang Mongondow Timur,Tamat SD,17733
Kab. Bolaang Mongondow Timur,Tamat SLTA,6903
Kab. Bolaang Mongondow Timur,Tamat SLTP,9601
Kab. Bolaang Mongondow Timur,Tidak/Belum Tamat SD,8524
Kab. Bolaang Mongondow Utara,Tamat PT,2023
Kab. Bolaang Mongondow Utara,Tamat SD,16970
Kab. Bolaang Mongondow Utara,Tamat SLTA,7548
Kab. Bolaang Mongondow Utara,Tamat SLTP,10000
Kab. Bolaang Mongondow Utara,Tidak/Belum Tamat SD,10470
Kab. Bombana,Tamat PT,4398
Kab. Bombana,Tamat SD,32549
Kab. Bombana,Tamat SLTA,15775
Kab. Bombana,Tamat SLTP,15367
Kab. Bombana,Tidak/Belum Tamat SD,11977
Kab. Bondowoso,Tamat PT,16491
Kab. Bondowoso,Tamat SD,218861
Kab. Bondowoso,Tamat SLTA,55937
Kab. Bondowoso,Tamat SLTP,70301
Kab. Bondowoso,Tidak/Belum Tamat SD,59631
Kab. Bone,Tamat PT,25658
Kab. Bone,Tamat SD,183121
Kab. Bone,Tamat SLTA,75203
Kab. Bone,Tamat SLTP,75921
Kab. Bone,Tidak/Belum Tamat SD,44695
Kab. Bone Bolango,Tamat PT,4745
Kab. Bone Bolango,Tamat SD,32637
Kab. Bone Bolango,Tamat SLTA,18852
Kab. Bone Bolango,Tamat SLTP,16589
Kab. Bone Bolango,Tidak/Belum Tamat SD,21182
Kab. Boven Digoel,Tamat PT,1547
Kab. Boven Digoel,Tamat SD,9559
Kab. Boven Digoel,Tamat SLTA,8837
Kab. Boven Digoel,Tamat SLTP,6563
Kab. Boven Digoel,Tidak/Belum Tamat SD,4159
Kab. Boyolali,Tamat PT,35275
Kab. Boyolali,Tamat SD,233077
Kab. Boyolali,Tamat SLTA,139519
Kab. Boyolali,Tamat SLTP,153358
Kab. Boyolali,Tidak/Belum Tamat SD,37686
Kab. Brebes,Tamat PT,33546
Kab. Brebes,Tamat SD,555482
Kab. Brebes,Tamat SLTA,117113
Kab. Brebes,Tamat SLTP,199630
Kab. Brebes,Tidak/Belum Tamat SD,162507
Kab. Buleleng,Tamat PT,22920
Kab. Buleleng,Tamat SD,164025
Kab. Buleleng,Tamat SLTA,89185
Kab. Buleleng,Tamat SLTP,75301
Kab. Buleleng,Tidak/Belum Tamat SD,39427
Kab. Bulukumba,Tamat PT,15716
Kab. Bulukumba,Tamat SD,85540
Kab. Bulukumba,Tamat SLTA,50711
Kab. Bulukumba,Tamat SLTP,47958
Kab. Bulukumba,Tidak/Belum Tamat SD,21999
Kab. Bulungan,Tamat PT,5275
Kab. Bulungan,Tamat SD,21936
Kab. Bulungan,Tamat SLTA,17553
Kab. Bulungan,Tamat SLTP,15425
Kab. Bulungan,Tidak/Belum Tamat SD,8833
Kab. Bungo,Tamat PT,11070
Kab. Bungo,Tamat SD,72112
Kab. Bungo,Tamat SLTA,44886
Kab. Bungo,Tamat SLTP,47930
Kab. Bungo,Tidak/Belum Tamat SD,18928
Kab. Buol,Tamat PT,4684
Kab. Buol,Tamat SD,32184
Kab. Buol,Tamat SLTA,14650
Kab. Buol,Tamat SLTP,19616
Kab. Buol,Tidak/Belum Tamat SD,8937
Kab. Buru,Tamat PT,4090
Kab. Buru,Tamat SD,18709
Kab. Buru,Tamat SLTA,14981
Kab. Buru,Tamat SLTP,14266
Kab. Buru,Tidak/Belum Tamat SD,6505
Kab. Buru Selatan,Tamat PT,1467
Kab. Buru Selatan,Tamat SD,10253
Kab. Buru Selatan,Tamat SLTA,5475
Kab. Buru Selatan,Tamat SLTP,6295
Kab. Buru Selatan,Tidak/Belum Tamat SD,2409
Kab. Buton,Tamat PT,6771
Kab. Buton,Tamat SD,45073
Kab. Buton,Tamat SLTA,22433
Kab. Buton,Tamat SLTP,29091
Kab. Buton,Tidak/Belum Tamat SD,18678
Kab. Buton Utara,Tamat PT,2178
Kab. Buton Utara,Tamat SD,10472
Kab. Buton Utara,Tamat SLTA,6119
Kab. Buton Utara,Tamat SLTP,7052
Kab. Buton Utara,Tidak/Belum Tamat SD,3457
Kab. Ciamis,Tamat PT,39051
Kab. Ciamis,Tamat SD,653621
Kab. Ciamis,Tamat SLTA,131662
Kab. Ciamis,Tamat SLTP,224512
Kab. Ciamis,Tidak/Belum Tamat SD,40630
Kab. Cianjur,Tamat PT,38745
Kab. Cianjur,Tamat SD,931401
Kab. Cianjur,Tamat SLTA,163204
Kab. Cianjur,Tamat SLTP,228767
Kab. Cianjur,Tidak/Belum Tamat SD,81039
Kab. Cilacap,Tamat PT,43078
Kab. Cilacap,Tamat SD,512389
Kab. Cilacap,Tamat SLTA,169880
Kab. Cilacap,Tamat SLTP,241148
Kab. Cilacap,Tidak/Belum Tamat SD,121057
Kab. Cirebon,Tamat PT,51954
Kab. Cirebon,Tamat SD,607497
Kab. Cirebon,Tamat SLTA,243127
Kab. Cirebon,Tamat SLTP,285423
Kab. Cirebon,Tidak/Belum Tamat SD,138003
Kab. Dairi,Tamat PT,8912
Kab. Dairi,Tamat SD,46171
Kab. Dairi,Tamat SLTA,44250
Kab. Dairi,Tamat SLTP,52817
Kab. Dairi,Tidak/Belum Tamat SD,11962
Kab. Deiyai,Tamat PT,485
Kab. Deiyai,Tamat SD,3154
Kab. Deiyai,Tamat SLTA,3111
Kab. Deiyai,Tamat SLTP,3534
Kab. Deiyai,Tidak/Belum Tamat SD,5741
Kab. Deli Serdang,Tamat PT,77876
Kab. Deli Serdang,Tamat SD,280389
Kab. Deli Serdang,Tamat SLTA,474102
Kab. Deli Serdang,Tamat SLTP,330539
Kab. Deli Serdang,Tidak/Belum Tamat SD,46032
Kab. Demak,Tamat PT,28855
Kab. Demak,Tamat SD,314010
Kab. Demak,Tamat SLTA,126318
Kab. Demak,Tamat SLTP,197650
Kab. Demak,Tidak/Belum Tamat SD,46568
Kab. Dharmas Raya,Tamat PT,7262
Kab. Dharmas Raya,Tamat SD,45272
Kab. Dharmas Raya,Tamat SLTA,27121
Kab. Dharmas Raya,Tamat SLTP,33107
Kab. Dharmas Raya,Tidak/Belum Tamat SD,12867
Kab. Dogiyai,Tamat PT,734
Kab. Dogiyai,Tamat SD,5224
Kab. Dogiyai,Tamat SLTA,3613
Kab. Dogiyai,Tamat SLTP,5395
Kab. Dogiyai,Tidak/Belum Tamat SD,2518
Kab. Dompu,Tamat PT,9768
Kab. Dompu,Tamat SD,27059
Kab. Dompu,Tamat SLTA,32915
Kab. Dompu,Tamat SLTP,27365
Kab. Dompu,Tidak/Belum Tamat SD,11075
Kab. Donggala,Tamat PT,5759
Kab. Donggala,Tamat SD,78966
Kab. Donggala,Tamat SLTA,26070
Kab. Donggala,Tamat SLTP,33645
Kab. Donggala,Tidak/Belum Tamat SD,19129
Kab. Empat Lawang,Tamat PT,3627
Kab. Empat Lawang,Tamat SD,62059
Kab. Empat Lawang,Tamat SLTA,25888
Kab. Empat Lawang,Tamat SLTP,37164
Kab. Empat Lawang,Tidak/Belum Tamat SD,15330
Kab. Ende,Tamat PT,10279
Kab. Ende,Tamat SD,58413
Kab. Ende,Tamat SLTA,35121
Kab. Ende,Tamat SLTP,27165
Kab. Ende,Tidak/Belum Tamat SD,29274
Kab. Enrekang,Tamat PT,10050
Kab. Enrekang,Tamat SD,31049
Kab. Enrekang,Tamat SLTA,27645
Kab. Enrekang,Tamat SLTP,27833
Kab. Enrekang,Tidak/Belum Tamat SD,10819
Kab. Fakfak,Tamat PT,3980
Kab. Fakfak,Tamat SD,11542
Kab. Fakfak,Tamat SLTA,12880
Kab. Fakfak,Tamat SLTP,10258
Kab. Fakfak,Tidak/Belum Tamat SD,2821
Kab. Flores Timur,Tamat PT,7041
Kab. Flores Timur,Tamat SD,64064
Kab. Flores Timur,Tamat SLTA,22674
Kab. Flores Timur,Tamat SLTP,22954
Kab. Flores Timur,Tidak/Belum Tamat SD,17379
Kab. Garut,Tamat PT,51518
Kab. Garut,Tamat SD,854025
Kab. Garut,Tamat SLTA,228535
Kab. Garut,Tamat SLTP,321455
Kab. Garut,Tidak/Belum Tamat SD,102914
Kab. Gayo Lues,Tamat PT,3910
Kab. Gayo Lues,Tamat SD,13397
Kab. Gayo Lues,Tamat SLTA,9628
Kab. Gayo Lues,Tamat SLTP,10532
Kab. Gayo Lues,Tidak/Belum Tamat SD,4812
Kab. Gianyar,Tamat PT,28226
Kab. Gianyar,Tamat SD,87188
Kab. Gianyar,Tamat SLTA,116000
Kab. Gianyar,Tamat SLTP,62219
Kab. Gianyar,Tidak/Belum Tamat SD,13202
Kab. Gorontalo,Tamat PT,10129
Kab. Gorontalo,Tamat SD,80310
Kab. Gorontalo,Tamat SLTA,37446
Kab. Gorontalo,Tamat SLTP,33159
Kab. Gorontalo,Tidak/Belum Tamat SD,70832
Kab. Gorontalo Utara,Tamat PT,1915
Kab. Gorontalo Utara,Tamat SD,27142
Kab. Gorontalo Utara,Tamat SLTA,7042
Kab. Gorontalo Utara,Tamat SLTP,9202
Kab. Gorontalo Utara,Tidak/Belum Tamat SD,20675
Kab. Gowa,Tamat PT,28915
Kab. Gowa,Tamat SD,117181
Kab. Gowa,Tamat SLTA,103260
Kab. Gowa,Tamat SLTP,82578
Kab. Gowa,Tidak/Belum Tamat SD,30989
Kab. Gresik,Tamat PT,57079
Kab. Gresik,Tamat SD,253942
Kab. Gresik,Tamat SLTA,261433
Kab. Gresik,Tamat SLTP,211223
Kab. Gresik,Tidak/Belum Tamat SD,39224
Kab. Grobogan,Tamat PT,26590
Kab. Grobogan,Tamat SD,501910
Kab. Grobogan,Tamat SLTA,102402
Kab. Grobogan,Tamat SLTP,203231
Kab. Grobogan,Tidak/Belum Tamat SD,49267
Kab. Gunung Kidul,Tamat PT,17573
Kab. Gunung Kidul,Tamat SD,178868
Kab. Gunung Kidul,Tamat SLTA,76478
Kab. Gunung Kidul,Tamat SLTP,114674
Kab. Gunung Kidul,Tidak/Belum Tamat SD,30256
Kab. Gunung Mas,Tamat PT,4200
Kab. Gunung Mas,Tamat SD,21736
Kab. Gunung Mas,Tamat SLTA,13531
Kab. Gunung Mas,Tamat SLTP,19580
Kab. Gunung Mas,Tidak/Belum Tamat SD,4163
Kab. Halmahera Barat,Tamat PT,3722
Kab. Halmahera Barat,Tamat SD,21946
Kab. Halmahera Barat,Tamat SLTA,13031
Kab. Halmahera Barat,Tamat SLTP,14129
Kab. Halmahera Barat,Tidak/Belum Tamat SD,8748
Kab. Halmahera Selatan,Tamat PT,4890
Kab. Halmahera Selatan,Tamat SD,49923
Kab. Halmahera Selatan,Tamat SLTA,20132
Kab. Halmahera Selatan,Tamat SLTP,27897
Kab. Halmahera Selatan,Tidak/Belum Tamat SD,12502
Kab. Halmahera Tengah,Tamat PT,2220
Kab. Halmahera Tengah,Tamat SD,8845
Kab. Halmahera Tengah,Tamat SLTA,4907
Kab. Halmahera Tengah,Tamat SLTP,5805
Kab. Halmahera Tengah,Tidak/Belum Tamat SD,3061
Kab. Halmahera Timur,Tamat PT,2429
Kab. Halmahera Timur,Tamat SD,16748
Kab. Halmahera Timur,Tamat SLTA,8300
Kab. Halmahera Timur,Tamat SLTP,10049
Kab. Halmahera Timur,Tidak/Belum Tamat SD,6361
Kab. Halmahera Utara,Tamat PT,4981
Kab. Halmahera Utara,Tamat SD,34451
Kab. Halmahera Utara,Tamat SLTA,24060
Kab. Halmahera Utara,Tamat SLTP,25086
Kab. Halmahera Utara,Tidak/Belum Tamat SD,11205
Kab. Hulu Sungai Selatan,Tamat PT,8082
Kab. Hulu Sungai Selatan,Tamat SD,63185
Kab. Hulu Sungai Selatan,Tamat SLTA,23846
Kab. Hulu Sungai Selatan,Tamat SLTP,26096
Kab. Hulu Sungai Selatan,Tidak/Belum Tamat SD,24011
Kab. Hulu Sungai Tengah,Tamat PT,8834
Kab. Hulu Sungai Tengah,Tamat SD,71102
Kab. Hulu Sungai Tengah,Tamat SLTA,29338
Kab. Hulu Sungai Tengah,Tamat SLTP,35025
Kab. Hulu Sungai Tengah,Tidak/Belum Tamat SD,23133
Kab. Hulu Sungai Utara,Tamat PT,8003
Kab. Hulu Sungai Utara,Tamat SD,62116
Kab. Hulu Sungai Utara,Tamat SLTA,19851
Kab. Hulu Sungai Utara,Tamat SLTP,27863
Kab. Hulu Sungai Utara,Tidak/Belum Tamat SD,21749
Kab. Humbang Hasundutan,Tamat PT,5794
Kab. Humbang Hasundutan,Tamat SD,23700
Kab. Humbang Hasundutan,Tamat SLTA,30650
Kab. Humbang Hasundutan,Tamat SLTP,32930
Kab. Humbang Hasundutan,Tidak/Belum Tamat SD,6243
Kab. Indragiri Hilir,Tamat PT,14673
Kab. Indragiri Hilir,Tamat SD,210433
Kab. Indragiri Hilir,Tamat SLTA,69176
Kab. Indragiri Hilir,Tamat SLTP,95214
Kab. Indragiri Hilir,Tidak/Belum Tamat SD,45528
Kab. Indragiri Hulu,Tamat PT,11879
Kab. Indragiri Hulu,Tamat SD,88055
Kab. Indragiri Hulu,Tamat SLTA,54202
Kab. Indragiri Hulu,Tamat SLTP,57542
Kab. Indragiri Hulu,Tidak/Belum Tamat SD,21699
Kab. Indramayu,Tamat PT,32113
Kab. Indramayu,Tamat SD,437316
Kab. Indramayu,Tamat SLTA,142474
Kab. Indramayu,Tamat SLTP,221434
Kab. Indramayu,Tidak/Belum Tamat SD,131333
Kab. Intan Jaya,Tamat PT,283
Kab. Intan Jaya,Tamat SD,2241
Kab. Intan Jaya,Tamat SLTA,1175
Kab. Intan Jaya,Tamat SLTP,1557
Kab. Intan Jaya,Tidak/Belum Tamat SD,653
Kab. Jayapura,Tamat PT,5907
Kab. Jayapura,Tamat SD,14697
Kab. Jayapura,Tamat SLTA,28382
Kab. Jayapura,Tamat SLTP,17346
Kab. Jayapura,Tidak/Belum Tamat SD,3951
Kab. Jayawijaya,Tamat PT,5700
Kab. Jayawijaya,Tamat SD,15164
Kab. Jayawijaya,Tamat SLTA,20805
Kab. Jayawijaya,Tamat SLTP,19032
Kab. Jayawijaya,Tidak/Belum Tamat SD,5946
Kab. Jember,Tamat PT,63874
Kab. Jember,Tamat SD,648296
Kab. Jember,Tamat SLTA,243019
Kab. Jember,Tamat SLTP,276203
Kab. Jember,Tidak/Belum Tamat SD,159427
Kab. Jembrana,Tamat PT,9409
Kab. Jembrana,Tamat SD,77764
Kab. Jembrana,Tamat SLTA,44425
Kab. Jembrana,Tamat SLTP,37241
Kab. Jembrana,Tidak/Belum Tamat SD,7925
Kab. Jeneponto,Tamat PT,10897
Kab. Jeneponto,Tamat SD,66046
Kab. Jeneponto,Tamat SLTA,33447
Kab. Jeneponto,Tamat SLTP,40761
Kab. Jeneponto,Tidak/Belum Tamat SD,24768
Kab. Jepara,Tamat PT,29098
Kab. Jepara,Tamat SD,328156
Kab. Jepara,Tamat SLTA,120011
Kab. Jepara,Tamat SLTP,212754
Kab. Jepara,Tidak/Belum Tamat SD,48726
Kab. Jombang,Tamat PT,41668
Kab. Jombang,Tamat SD,280754
Kab. Jombang,Tamat SLTA,207092
Kab. Jombang,Tamat SLTP,239897
Kab. Jombang,Tidak/Belum Tamat SD,60823
Kab. Kaimana,Tamat PT,1846
Kab. Kaimana,Tamat SD,7945
Kab. Kaimana,Tamat SLTA,7638
Kab. Kaimana,Tamat SLTP,7244
Kab. Kaimana,Tidak/Belum Tamat SD,3150
Kab. Kampar,Tamat PT,26464
Kab. Kampar,Tamat SD,143553
Kab. Kampar,Tamat SLTA,126209
Kab. Kampar,Tamat SLTP,124670
Kab. Kampar,Tidak/Belum Tamat SD,23315
Kab. Kapuas,Tamat PT,10591
Kab. Kapuas,Tamat SD,101157
Kab. Kapuas,Tamat SLTA,34062
Kab. Kapuas,Tamat SLTP,48176
Kab. Kapuas,Tidak/Belum Tamat SD,24792
Kab. Kapuas Hulu,Tamat PT,6475
Kab. Kapuas Hulu,Tamat SD,54533
Kab. Kapuas Hulu,Tamat SLTA,23459
Kab. Kapuas Hulu,Tamat SLTP,28587
Kab. Kapuas Hulu,Tidak/Belum Tamat SD,20380
Kab. Karang Asem,Tamat PT,11268
Kab. Karang Asem,Tamat SD,89069
Kab. Karang Asem,Tamat SLTA,37850
Kab. Karang Asem,Tamat SLTP,39520
Kab. Karang Asem,Tidak/Belum Tamat SD,20060
Kab. Karanganyar,Tamat PT,42356
Kab. Karanganyar,Tamat SD,190907
Kab. Karanganyar,Tamat SLTA,133492
Kab. Karanganyar,Tamat SLTP,146434
Kab. Karanganyar,Tidak/Belum Tamat SD,23214
Kab. Karawang,Tamat PT,51847
Kab. Karawang,Tamat SD,570519
Kab. Karawang,Tamat SLTA,309715
Kab. Karawang,Tamat SLTP,295921
Kab. Karawang,Tidak/Belum Tamat SD,144828
Kab. Karimun,Tamat PT,7404
Kab. Karimun,Tamat SD,56210
Kab. Karimun,Tamat SLTA,31627
Kab. Karimun,Tamat SLTP,28290
Kab. Karimun,Tidak/Belum Tamat SD,14006
Kab. Karo,Tamat PT,15747
Kab. Karo,Tamat SD,60508
Kab. Karo,Tamat SLTA,77728
Kab. Karo,Tamat SLTP,63613
Kab. Karo,Tidak/Belum Tamat SD,13098
Kab. Katingan,Tamat PT,4570
Kab. Katingan,Tamat SD,40768
Kab. Katingan,Tamat SLTA,17777
Kab. Katingan,Tamat SLTP,25512
Kab. Katingan,Tidak/Belum Tamat SD,8368
Kab. Kaur,Tamat PT,3529
Kab. Kaur,Tamat SD,24796
Kab. Kaur,Tamat SLTA,15540
Kab. Kaur,Tamat SLTP,16776
Kab. Kaur,Tidak/Belum Tamat SD,9494
Kab. Kayong Utara,Tamat PT,1789
Kab. Kayong Utara,Tamat SD,20942
Kab. Kayong Utara,Tamat SLTA,5498
Kab. Kayong Utara,Tamat SLTP,8821
Kab. Kayong Utara,Tidak/Belum Tamat SD,13844
Kab. Kebumen,Tamat PT,30464
Kab. Kebumen,Tamat SD,367914
Kab. Kebumen,Tamat SLTA,130542
Kab. Kebumen,Tamat SLTP,178161
Kab. Kebumen,Tidak/Belum Tamat SD,62872
Kab. Kediri,Tamat PT,45890
Kab. Kediri,Tamat SD,407549
Kab. Kediri,Tamat SLTA,223632
Kab. Kediri,Tamat SLTP,273522
Kab. Kediri,Tidak/Belum Tamat SD,80483
Kab. Keerom,Tamat PT,1548
Kab. Keerom,Tamat SD,8433
Kab. Keerom,Tamat SLTA,8060
Kab. Keerom,Tamat SLTP,6256
Kab. Keerom,Tidak/Belum Tamat SD,3422
Kab. Kendal,Tamat PT,26709
Kab. Kendal,Tamat SD,244575
Kab. Kendal,Tamat SLTA,110158
Kab. Kendal,Tamat SLTP,154863
Kab. Kendal,Tidak/Belum Tamat SD,67033
Kab. Kepahiang,Tamat PT,4180
Kab. Kepahiang,Tamat SD,30543
Kab. Kepahiang,Tamat SLTA,18700
Kab. Kepahiang,Tamat SLTP,19972
Kab. Kepahiang,Tidak/Belum Tamat SD,9736
Kab. Kepulauan Anambas,Tamat PT,1309
Kab. Kepulauan Anambas,Tamat SD,10256
Kab. Kepulauan Anambas,Tamat SLTA,3375
Kab. Kepulauan Anambas,Tamat SLTP,3006
Kab. Kepulauan Anambas,Tidak/Belum Tamat SD,3756
Kab. Kepulauan Aru,Tamat PT,2654
Kab. Kepulauan Aru,Tamat SD,23101
Kab. Kepulauan Aru,Tamat SLTA,10297
Kab. Kepulauan Aru,Tamat SLTP,10228
Kab. Kepulauan Aru,Tidak/Belum Tamat SD,4182
Kab. Kepulauan Mentawai,Tamat PT,1801
Kab. Kepulauan Mentawai,Tamat SD,15489
Kab. Kepulauan Mentawai,Tamat SLTA,6014
Kab. Kepulauan Mentawai,Tamat SLTP,7008
Kab. Kepulauan Mentawai,Tidak/Belum Tamat SD,10696
Kab. Kepulauan Meranti,Tamat PT,4951
Kab. Kepulauan Meranti,Tamat SD,48930
Kab. Kepulauan Meranti,Tamat SLTA,20978
Kab. Kepulauan Meranti,Tamat SLTP,23067
Kab. Kepulauan Meranti,Tidak/Belum Tamat SD,10867
Kab. Kepulauan Sangihe,Tamat PT,4715
Kab. Kepulauan Sangihe,Tamat SD,28105
Kab. Kepulauan Sangihe,Tamat SLTA,21059
Kab. Kepulauan Sangihe,Tamat SLTP,19343
Kab. Kepulauan Sangihe,Tidak/Belum Tamat SD,17448
Kab. Kepulauan Selayar,Tamat PT,6211
Kab. Kepulauan Selayar,Tamat SD,28052
Kab. Kepulauan Selayar,Tamat SLTA,13665
Kab. Kepulauan Selayar,Tamat SLTP,12258
Kab. Kepulauan Selayar,Tidak/Belum Tamat SD,11413
Kab. Kepulauan Seribu,Tamat PT,734
Kab. Kepulauan Seribu,Tamat SD,5483
Kab. Kepulauan Seribu,Tamat SLTA,2867
Kab. Kepulauan Seribu,Tamat SLTP,3165
Kab. Kepulauan Seribu,Tidak/Belum Tamat SD,1522
Kab. Kepulauan Sula,Tamat PT,3616
Kab. Kepulauan Sula,Tamat SD,32554
Kab. Kepulauan Sula,Tamat SLTA,16444
Kab. Kepulauan Sula,Tamat SLTP,17697
Kab. Kepulauan Sula,Tidak/Belum Tamat SD,6063
Kab. Kepulauan Talaud,Tamat PT,3928
Kab. Kepulauan Talaud,Tamat SD,17719
Kab. Kepulauan Talaud,Tamat SLTA,14557
Kab. Kepulauan Talaud,Tamat SLTP,14786
Kab. Kepulauan Talaud,Tidak/Belum Tamat SD,4119
Kab. Kerinci,Tamat PT,10172
Kab. Kerinci,Tamat SD,47541
Kab. Kerinci,Tamat SLTA,36954
Kab. Kerinci,Tamat SLTP,36825
Kab. Kerinci,Tidak/Belum Tamat SD,19593
Kab. Ketapang,Tamat PT,9555
Kab. Ketapang,Tamat SD,119174
Kab. Ketapang,Tamat SLTA,42647
Kab. Ketapang,Tamat SLTP,52371
Kab. Ketapang,Tidak/Belum Tamat SD,37259
Kab. Klaten,Tamat PT,61361
Kab. Klaten,Tamat SD,229822
Kab. Klaten,Tamat SLTA,253932
Kab. Klaten,Tamat SLTP,179795
Kab. Klaten,Tidak/Belum Tamat SD,47110
Kab. Klungkung,Tamat PT,8331
Kab. Klungkung,Tamat SD,33289
Kab. Klungkung,Tamat SLTA,29603
Kab. Klungkung,Tamat SLTP,19310
Kab. Klungkung,Tidak/Belum Tamat SD,8587
Kab. Kodya Jakarta Barat,Tamat PT,215880
Kab. Kodya Jakarta Barat,Tamat SD,349072
Kab. Kodya Jakarta Barat,Tamat SLTA,666783
Kab. Kodya Jakarta Barat,Tamat SLTP,439314
Kab. Kodya Jakarta Barat,Tidak/Belum Tamat SD,54094
Kab. Kodya Jakarta Pusat,Tamat PT,108378
Kab. Kodya Jakarta Pusat,Tamat SD,115685
Kab. Kodya Jakarta Pusat,Tamat SLTA,300343
Kab. Kodya Jakarta Pusat,Tamat SLTP,148252
Kab. Kodya Jakarta Pusat,Tidak/Belum Tamat SD,20053
Kab. Kodya Jakarta Selatan,Tamat PT,319595
Kab. Kodya Jakarta Selatan,Tamat SD,248206
Kab. Kodya Jakarta Selatan,Tamat SLTA,650246
Kab. Kodya Jakarta Selatan,Tamat SLTP,304773
Kab. Kodya Jakarta Selatan,Tidak/Belum Tamat SD,41992
Kab. Kodya Jakarta Timur,Tamat PT,334993
Kab. Kodya Jakarta Timur,Tamat SD,305190
Kab. Kodya Jakarta Timur,Tamat SLTA,907189
Kab. Kodya Jakarta Timur,Tamat SLTP,407343
Kab. Kodya Jakarta Timur,Tidak/Belum Tamat SD,48445
Kab. Kodya Jakarta Utara,Tamat PT,147324
Kab. Kodya Jakarta Utara,Tamat SD,242683
Kab. Kodya Jakarta Utara,Tamat SLTA,494887
Kab. Kodya Jakarta Utara,Tamat SLTP,318837
Kab. Kodya Jakarta Utara,Tidak/Belum Tamat SD,36871
Kab. Kolaka,Tamat PT,12900
Kab. Kolaka,Tamat SD,71096
Kab. Kolaka,Tamat SLTA,47352
Kab. Kolaka,Tamat SLTP,44257
Kab. Kolaka,Tidak/Belum Tamat SD,16790
Kab. Kolaka Utara,Tamat PT,4347
Kab. Kolaka Utara,Tamat SD,31137
Kab. Kolaka Utara,Tamat SLTA,13378
Kab. Kolaka Utara,Tamat SLTP,16208
Kab. Kolaka Utara,Tidak/Belum Tamat SD,7437
Kab. Konawe,Tamat PT,11209
Kab. Konawe,Tamat SD,43330
Kab. Konawe,Tamat SLTA,40662
Kab. Konawe,Tamat SLTP,38293
Kab. Konawe,Tidak/Belum Tamat SD,11388
Kab. Konawe Selatan,Tamat PT,7316
Kab. Konawe Selatan,Tamat SD,61003
Kab. Konawe Selatan,Tamat SLTA,32175
Kab. Konawe Selatan,Tamat SLTP,39515
Kab. Konawe Selatan,Tidak/Belum Tamat SD,16127
Kab. Konawe Utara,Tamat PT,1958
Kab. Konawe Utara,Tamat SD,11456
Kab. Konawe Utara,Tamat SLTA,7436
Kab. Konawe Utara,Tamat SLTP,8041
Kab. Konawe Utara,Tidak/Belum Tamat SD,1891
Kab. Kotawaringin Barat,Tamat PT,8666
Kab. Kotawaringin Barat,Tamat SD,61487
Kab. Kotawaringin Barat,Tamat SLTA,37309
Kab. Kotawaringin Barat,Tamat SLTP,36660
Kab. Kotawaringin Barat,Tidak/Belum Tamat SD,12950
Kab. Kotawaringin Timur,Tamat PT,11128
Kab. Kotawaringin Timur,Tamat SD,105296
Kab. Kotawaringin Timur,Tamat SLTA,52289
Kab. Kotawaringin Timur,Tamat SLTP,57862
Kab. Kotawaringin Timur,Tidak/Belum Tamat SD,24491
Kab. Kuantan Singingi,Tamat PT,11314
Kab. Kuantan Singingi,Tamat SD,70384
Kab. Kuantan Singingi,Tamat SLTA,44300
Kab. Kuantan Singingi,Tamat SLTP,49890
Kab. Kuantan Singingi,Tidak/Belum Tamat SD,16954
Kab. Kubu Raya,Tamat PT,12882
Kab. Kubu Raya,Tamat SD,110194
Kab. Kubu Raya,Tamat SLTA,65166
Kab. Kubu Raya,Tamat SLTP,62487
Kab. Kubu Raya,Tidak/Belum Tamat SD,35133
Kab. Kudus,Tamat PT,15939
Kab. Kudus,Tamat SD,59582
Kab. Kudus,Tamat SLTA,67408
Kab. Kudus,Tamat SLTP,57508
Kab. Kudus,Tidak/Belum Tamat SD,7655
Kab. Kulon Progo,Tamat PT,19926
Kab. Kulon Progo,Tamat SD,82527
Kab. Kulon Progo,Tamat SLTA,84307
Kab. Kulon Progo,Tamat SLTP,61322
Kab. Kulon Progo,Tidak/Belum Tamat SD,21817
Kab. Kuningan,Tamat PT,28734
Kab. Kuningan,Tamat SD,407649
Kab. Kuningan,Tamat SLTA,109212
Kab. Kuningan,Tamat SLTP,131774
Kab. Kuningan,Tidak/Belum Tamat SD,30945
Kab. Kupang,Tamat PT,6418
Kab. Kupang,Tamat SD,75916
Kab. Kupang,Tamat SLTA,30165
Kab. Kupang,Tamat SLTP,34094
Kab. Kupang,Tidak/Belum Tamat SD,19916
Kab. Kutai Barat,Tamat PT,5074
Kab. Kutai Barat,Tamat SD,38889
Kab. Kutai Barat,Tamat SLTA,25615
Kab. Kutai Barat,Tamat SLTP,25524
Kab. Kutai Barat,Tidak/Belum Tamat SD,11875
Kab. Kutai Kartanegara,Tamat PT,22249
Kab. Kutai Kartanegara,Tamat SD,141555
Kab. Kutai Kartanegara,Tamat SLTA,115660
Kab. Kutai Kartanegara,Tamat SLTP,97080
Kab. Kutai Kartanegara,Tidak/Belum Tamat SD,38220
Kab. Kutai Timur,Tamat PT,9892
Kab. Kutai Timur,Tamat SD,56422
Kab. Kutai Timur,Tamat SLTA,53284
Kab. Kutai Timur,Tamat SLTP,39212
Kab. Kutai Timur,Tidak/Belum Tamat SD,12124
Kab. Labuhan Batu,Tamat PT,13376
Kab. Labuhan Batu,Tamat SD,91634
Kab. Labuhan Batu,Tamat SLTA,76272
Kab. Labuhan Batu,Tamat SLTP,69169
Kab. Labuhan Batu,Tidak/Belum Tamat SD,16116
Kab. Labuhan Batu Selatan,Tamat PT,5838
Kab. Labuhan Batu Selatan,Tamat SD,63468
Kab. Labuhan Batu Selatan,Tamat SLTA,43355
Kab. Labuhan Batu Selatan,Tamat SLTP,50091
Kab. Labuhan Batu Selatan,Tidak/Belum Tamat SD,10547
Kab. Labuhan Batu Utara,Tamat PT,6580
Kab. Labuhan Batu Utara,Tamat SD,79786
Kab. Labuhan Batu Utara,Tamat SLTA,48900
Kab. Labuhan Batu Utara,Tamat SLTP,62717
Kab. Labuhan Batu Utara,Tidak/Belum Tamat SD,12327
Kab. Lahat,Tamat PT,12941
Kab. Lahat,Tamat SD,85269
Kab. Lahat,Tamat SLTA,66459
Kab. Lahat,Tamat SLTP,59273
Kab. Lahat,Tidak/Belum Tamat SD,23705
Kab. Lamandau,Tamat PT,2706
Kab. Lamandau,Tamat SD,21592
Kab. Lamandau,Tamat SLTA,6192
Kab. Lamandau,Tamat SLTP,8654
Kab. Lamandau,Tidak/Belum Tamat SD,3366
Kab. Lamongan,Tamat PT,38002
Kab. Lamongan,Tamat SD,281228
Kab. Lamongan,Tamat SLTA,180123
Kab. Lamongan,Tamat SLTP,224151
Kab. Lamongan,Tidak/Belum Tamat SD,58865
Kab. Lampung Barat,Tamat PT,8787
Kab. Lampung Barat,Tamat SD,137215
Kab. Lampung Barat,Tamat SLTA,45800
Kab. Lampung Barat,Tamat SLTP,70495
Kab. Lampung Barat,Tidak/Belum Tamat SD,21301
Kab. Lampung Selatan,Tamat PT,21001
Kab. Lampung Selatan,Tamat SD,245919
Kab. Lampung Selatan,Tamat SLTA,114246
Kab. Lampung Selatan,Tamat SLTP,157220
Kab. Lampung Selatan,Tidak/Belum Tamat SD,59922
Kab. Lampung Tengah,Tamat PT,24942
Kab. Lampung Tengah,Tamat SD,324062
Kab. Lampung Tengah,Tamat SLTA,147438
Kab. Lampung Tengah,Tamat SLTP,219745
Kab. Lampung Tengah,Tidak/Belum Tamat SD,71653
Kab. Lampung Timur,Tamat PT,18421
Kab. Lampung Timur,Tamat SD,254864
Kab. Lampung Timur,Tamat SLTA,119101
Kab. Lampung Timur,Tamat SLTP,184019
Kab. Lampung Timur,Tidak/Belum Tamat SD,62952
Kab. Lampung Utara,Tamat PT,17276
Kab. Lampung Utara,Tamat SD,150901
Kab. Lampung Utara,Tamat SLTA,87266
Kab. Lampung Utara,Tamat SLTP,97687
Kab. Lampung Utara,Tidak/Belum Tamat SD,32906
Kab. Landak,Tamat PT,6544
Kab. Landak,Tamat SD,75081
Kab. Landak,Tamat SLTA,36557
Kab. Landak,Tamat SLTP,49794
Kab. Landak,Tidak/Belum Tamat SD,31111
Kab. Langkat,Tamat PT,23171
Kab. Langkat,Tamat SD,236060
Kab. Langkat,Tamat SLTA,167322
Kab. Langkat,Tamat SLTP,166094
Kab. Langkat,Tidak/Belum Tamat SD,50443
Kab. Lanny Jaya,Tamat PT,402
Kab. Lanny Jaya,Tamat SD,11213
Kab. Lanny Jaya,Tamat SLTA,6232
Kab. Lanny Jaya,Tamat SLTP,11512
Kab. Lanny Jaya,Tidak/Belum Tamat SD,2727
Kab. Lebak,Tamat PT,19096
Kab. Lebak,Tamat SD,435393
Kab. Lebak,Tamat SLTA,74272
Kab. Lebak,Tamat SLTP,120766
Kab. Lebak,Tidak/Belum Tamat SD,65426
Kab. Lebong,Tamat PT,3168
Kab. Lebong,Tamat SD,26015
Kab. Lebong,Tamat SLTA,13870
Kab. Lebong,Tamat SLTP,15965
Kab. Lebong,Tidak/Belum Tamat SD,7855
Kab. Lembata,Tamat PT,4343
Kab. Lembata,Tamat SD,32288
Kab. Lembata,Tamat SLTA,11029
Kab. Lembata,Tamat SLTP,10468
Kab. Lembata,Tidak/Belum Tamat SD,8003
Kab. Lima Puluh Kota,Tamat PT,12505
Kab. Lima Puluh Kota,Tamat SD,79357
Kab. Lima Puluh Kota,Tamat SLTA,47864
Kab. Lima Puluh Kota,Tamat SLTP,55425
Kab. Lima Puluh Kota,Tidak/Belum Tamat SD,36712
Kab. Lingga,Tamat PT,3242
Kab. Lingga,Tamat SD,22201
Kab. Lingga,Tamat SLTA,7242
Kab. Lingga,Tamat SLTP,7633
Kab. Lingga,Tidak/Belum Tamat SD,10204
Kab. Lombok Barat,Tamat PT,17850
Kab. Lombok Barat,Tamat SD,107741
Kab. Lombok Barat,Tamat SLTA,65988
Kab. Lombok Barat,Tamat SLTP,72229
Kab. Lombok Barat,Tidak/Belum Tamat SD,38813
Kab. Lombok Tengah,Tamat PT,24314
Kab. Lombok Tengah,Tamat SD,152408
Kab. Lombok Tengah,Tamat SLTA,85250
Kab. Lombok Tengah,Tamat SLTP,113286
Kab. Lombok Tengah,Tidak/Belum Tamat SD,36344
Kab. Lombok Timur,Tamat PT,31979
Kab. Lombok Timur,Tamat SD,229799
Kab. Lombok Timur,Tamat SLTA,113671
Kab. Lombok Timur,Tamat SLTP,142634
Kab. Lombok Timur,Tidak/Belum Tamat SD,70628
Kab. Lombok Utara,Tamat PT,3935
Kab. Lombok Utara,Tamat SD,39453
Kab. Lombok Utara,Tamat SLTA,16669
Kab. Lombok Utara,Tamat SLTP,21469
Kab. Lombok Utara,Tidak/Belum Tamat SD,12210
Kab. Lumajang,Tamat PT,24221
Kab. Lumajang,Tamat SD,331299
Kab. Lumajang,Tamat SLTA,84297
Kab. Lumajang,Tamat SLTP,117371
Kab. Lumajang,Tidak/Belum Tamat SD,66717
Kab. Luwu,Tamat PT,12290
Kab. Luwu,Tamat SD,63863
Kab. Luwu,Tamat SLTA,50868
Kab. Luwu,Tamat SLTP,51515
Kab. Luwu,Tidak/Belum Tamat SD,15663
Kab. Luwu Timur,Tamat PT,11356
Kab. Luwu Timur,Tamat SD,54545
Kab. Luwu Timur,Tamat SLTA,36376
Kab. Luwu Timur,Tamat SLTP,33681
Kab. Luwu Timur,Tidak/Belum Tamat SD,14063
Kab. Luwu Utara,Tamat PT,6792
Kab. Luwu Utara,Tamat SD,57970
Kab. Luwu Utara,Tamat SLTA,21031
Kab. Luwu Utara,Tamat SLTP,28206
Kab. Luwu Utara,Tidak/Belum Tamat SD,13436
Kab. Madiun,Tamat PT,21331
Kab. Madiun,Tamat SD,163516
Kab. Madiun,Tamat SLTA,104634
Kab. Madiun,Tamat SLTP,105237
Kab. Madiun,Tidak/Belum Tamat SD,45139
Kab. Magelang,Tamat PT,38243
Kab. Magelang,Tamat SD,349561
Kab. Magelang,Tamat SLTA,160345
Kab. Magelang,Tamat SLTP,190897
Kab. Magelang,Tidak/Belum Tamat SD,69564
Kab. Magetan,Tamat PT,26006
Kab. Magetan,Tamat SD,177182
Kab. Magetan,Tamat SLTA,104937
Kab. Magetan,Tamat SLTP,99535
Kab. Magetan,Tidak/Belum Tamat SD,31430
Kab. Majalengka,Tamat PT,29646
Kab. Majalengka,Tamat SD,450110
Kab. Majalengka,Tamat SLTA,97255
Kab. Majalengka,Tamat SLTP,153068
Kab. Majalengka,Tidak/Belum Tamat SD,55037
Kab. Majene,Tamat PT,8147
Kab. Majene,Tamat SD,31247
Kab. Majene,Tamat SLTA,18594
Kab. Majene,Tamat SLTP,17670
Kab. Majene,Tidak/Belum Tamat SD,10036
Kab. Malang,Tamat PT,76932
Kab. Malang,Tamat SD,765262
Kab. Malang,Tamat SLTA,299928
Kab. Malang,Tamat SLTP,377739
Kab. Malang,Tidak/Belum Tamat SD,137225
Kab. Malinau,Tamat PT,3505
Kab. Malinau,Tamat SD,10175
Kab. Malinau,Tamat SLTA,10471
Kab. Malinau,Tamat SLTP,8156
Kab. Malinau,Tidak/Belum Tamat SD,4775
Kab. Maluku Barat Daya,Tamat PT,2048
Kab. Maluku Barat Daya,Tamat SD,21530
Kab. Maluku Barat Daya,Tamat SLTA,7670
Kab. Maluku Barat Daya,Tamat SLTP,9269
Kab. Maluku Barat Daya,Tidak/Belum Tamat SD,2160
Kab. Maluku Tengah,Tamat PT,15191
Kab. Maluku Tengah,Tamat SD,72524
Kab. Maluku Tengah,Tamat SLTA,74378
Kab. Maluku Tengah,Tamat SLTP,51584
Kab. Maluku Tengah,Tidak/Belum Tamat SD,12979
Kab. Maluku Tenggara,Tamat PT,3750
Kab. Maluku Tenggara,Tamat SD,19894
Kab. Maluku Tenggara,Tamat SLTA,15755
Kab. Maluku Tenggara,Tamat SLTP,13923
Kab. Maluku Tenggara,Tidak/Belum Tamat SD,5170
Kab. Maluku Tenggara Barat,Tamat PT,4013
Kab. Maluku Tenggara Barat,Tamat SD,23333
Kab. Maluku Tenggara Barat,Tamat SLTA,16777
Kab. Maluku Tenggara Barat,Tamat SLTP,16504
Kab. Maluku Tenggara Barat,Tidak/Belum Tamat SD,3382
Kab. Mamasa,Tamat PT,5113
Kab. Mamasa,Tamat SD,27437
Kab. Mamasa,Tamat SLTA,15406
Kab. Mamasa,Tamat SLTP,16033
Kab. Mamasa,Tidak/Belum Tamat SD,8382
Kab. Mamberamo Raya,Tamat PT,316
Kab. Mamberamo Raya,Tamat SD,2489
Kab. Mamberamo Raya,Tamat SLTA,1070
Kab. Mamberamo Raya,Tamat SLTP,1070
Kab. Mamberamo Raya,Tidak/Belum Tamat SD,1724
Kab. Mamberamo Tengah,Tamat PT,135
Kab. Mamberamo Tengah,Tamat SD,3746
Kab. Mamberamo Tengah,Tamat SLTA,1742
Kab. Mamberamo Tengah,Tamat SLTP,3051
Kab. Mamberamo Tengah,Tidak/Belum Tamat SD,731
Kab. Mamuju,Tamat PT,13038
Kab. Mamuju,Tamat SD,73771
Kab. Mamuju,Tamat SLTA,35748
Kab. Mamuju,Tamat SLTP,38092
Kab. Mamuju,Tidak/Belum Tamat SD,26954
Kab. Mamuju Utara,Tamat PT,3837
Kab. Mamuju Utara,Tamat SD,36455
Kab. Mamuju Utara,Tamat SLTA,12878
Kab. Mamuju Utara,Tamat SLTP,16303
Kab. Mamuju Utara,Tidak/Belum Tamat SD,9568
Kab. Mandailing Natal,Tamat PT,10708
Kab. Mandailing Natal,Tamat SD,110154
Kab. Mandailing Natal,Tamat SLTA,50111
Kab. Mandailing Natal,Tamat SLTP,61903
Kab. Mandailing Natal,Tidak/Belum Tamat SD,18140
Kab. Manggarai,Tamat PT,8653
Kab. Manggarai,Tamat SD,75468
Kab. Manggarai,Tamat SLTA,23886
Kab. Manggarai,Tamat SLTP,25180
Kab. Manggarai,Tidak/Belum Tamat SD,22451
Kab. Manggarai Barat,Tamat PT,5836
Kab. Manggarai Barat,Tamat SD,70183
Kab. Manggarai Barat,Tamat SLTA,14219
Kab. Manggarai Barat,Tamat SLTP,16145
Kab. Manggarai Barat,Tidak/Belum Tamat SD,12439
Kab. Manggarai Timur,Tamat PT,4652
Kab. Manggarai Timur,Tamat SD,90937
Kab. Manggarai Timur,Tamat SLTA,11417
Kab. Manggarai Timur,Tamat SLTP,18134
Kab. Manggarai Timur,Tidak/Belum Tamat SD,10709
Kab. Manokwari,Tamat PT,11408
Kab. Manokwari,Tamat SD,26339
Kab. Manokwari,Tamat SLTA,37364
Kab. Manokwari,Tamat SLTP,25460
Kab. Manokwari,Tidak/Belum Tamat SD,8084
Kab. Mappi,Tamat PT,1227
Kab. Mappi,Tamat SD,19301
Kab. Mappi,Tamat SLTA,4454
Kab. Mappi,Tamat SLTP,5297
Kab. Mappi,Tidak/Belum Tamat SD,9358
Kab. Maros,Tamat PT,13377
Kab. Maros,Tamat SD,60759
Kab. Maros,Tamat SLTA,50458
Kab. Maros,Tamat SLTP,36083
Kab. Maros,Tidak/Belum Tamat SD,19266
Kab. Maybrat,Tamat PT,3482
Kab. Maybrat,Tamat SD,4224
Kab. Maybrat,Tamat SLTA,5381
Kab. Maybrat,Tamat SLTP,5590
Kab. Maybrat,Tidak/Belum Tamat SD,1272
Kab. Melawi,Tamat PT,4683
Kab. Melawi,Tamat SD,44725
Kab. Melawi,Tamat SLTA,16593
Kab. Melawi,Tamat SLTP,22315
Kab. Melawi,Tidak/Belum Tamat SD,13569
Kab. Merangin,Tamat PT,10279
Kab. Merangin,Tamat SD,91521
Kab. Merangin,Tamat SLTA,40509
Kab. Merangin,Tamat SLTP,48746
Kab. Merangin,Tidak/Belum Tamat SD,20181
Kab. Merauke,Tamat PT,8537
Kab. Merauke,Tamat SD,42231
Kab. Merauke,Tamat SLTA,32355
Kab. Merauke,Tamat SLTP,25686
Kab. Merauke,Tidak/Belum Tamat SD,12949
Kab. Mesuji,Tamat PT,2188
Kab. Mesuji,Tamat SD,67864
Kab. Mesuji,Tamat SLTA,10993
Kab. Mesuji,Tamat SLTP,27816
Kab. Mesuji,Tidak/Belum Tamat SD,14337
Kab. Mimika,Tamat PT,10815
Kab. Mimika,Tamat SD,24098
Kab. Mimika,Tamat SLTA,47268
Kab. Mimika,Tamat SLTP,23714
Kab. Mimika,Tidak/Belum Tamat SD,6787
Kab. Minahasa,Tamat PT,16550
Kab. Minahasa,Tamat SD,56787
Kab. Minahasa,Tamat SLTA,82236
Kab. Minahasa,Tamat SLTP,51972
Kab. Minahasa,Tidak/Belum Tamat SD,22835
Kab. Minahasa Selatan,Tamat PT,6475
Kab. Minahasa Selatan,Tamat SD,45294
Kab. Minahasa Selatan,Tamat SLTA,39028
Kab. Minahasa Selatan,Tamat SLTP,36940
Kab. Minahasa Selatan,Tidak/Belum Tamat SD,12131
Kab. Minahasa Tenggara,Tamat PT,3219
Kab. Minahasa Tenggara,Tamat SD,25771
Kab. Minahasa Tenggara,Tamat SLTA,16360
Kab. Minahasa Tenggara,Tamat SLTP,17740
Kab. Minahasa Tenggara,Tidak/Belum Tamat SD,6343
Kab. Minahasa Utara,Tamat PT,9436
Kab. Minahasa Utara,Tamat SD,36319
Kab. Minahasa Utara,Tamat SLTA,46859
Kab. Minahasa Utara,Tamat SLTP,31776
Kab. Minahasa Utara,Tidak/Belum Tamat SD,10450
Kab. Mojokerto,Tamat PT,32367
Kab. Mojokerto,Tamat SD,241672
Kab. Mojokerto,Tamat SLTA,190355
Kab. Mojokerto,Tamat SLTP,198203
Kab. Mojokerto,Tidak/Belum Tamat SD,56699
Kab. Morowali,Tamat PT,7145
Kab. Morowali,Tamat SD,55226
Kab. Morowali,Tamat SLTA,27532
Kab. Morowali,Tamat SLTP,30149
Kab. Morowali,Tidak/Belum Tamat SD,8645
Kab. Muara Enim,Tamat PT,17855
Kab. Muara Enim,Tamat SD,194979
Kab. Muara Enim,Tamat SLTA,95848
Kab. Muara Enim,Tamat SLTP,94875
Kab. Muara Enim,Tidak/Belum Tamat SD,59246
Kab. Muaro Jambi,Tamat PT,8856
Kab. Muaro Jambi,Tamat SD,86594
Kab. Muaro Jambi,Tamat SLTA,51583
Kab. Muaro Jambi,Tamat SLTP,58759
Kab. Muaro Jambi,Tidak/Belum Tamat SD,18699
Kab. Mukomuko,Tamat PT,5273
Kab. Mukomuko,Tamat SD,41251
Kab. Mukomuko,Tamat SLTA,17477
Kab. Mukomuko,Tamat SLTP,23849
Kab. Mukomuko,Tidak/Belum Tamat SD,9136
Kab. Muna,Tamat PT,12743
Kab. Muna,Tamat SD,40241
Kab. Muna,Tamat SLTA,34235
Kab. Muna,Tamat SLTP,32888
Kab. Muna,Tidak/Belum Tamat SD,22189
Kab. Murung Raya,Tamat PT,3277
Kab. Murung Raya,Tamat SD,27842
Kab. Murung Raya,Tamat SLTA,8785
Kab. Murung Raya,Tamat SLTP,12520
Kab. Murung Raya,Tidak/Belum Tamat SD,8361
Kab. Musi Banyuasin,Tamat PT,9958
Kab. Musi Banyuasin,Tamat SD,181094
Kab. Musi Banyuasin,Tamat SLTA,60869
Kab. Musi Banyuasin,Tamat SLTP,79630
Kab. Musi Banyuasin,Tidak/Belum Tamat SD,36226
Kab. Musi Rawas,Tamat PT,7849
Kab. Musi Rawas,Tamat SD,163634
Kab. Musi Rawas,Tamat SLTA,49671
Kab. Musi Rawas,Tamat SLTP,73573
Kab. Musi Rawas,Tidak/Belum Tamat SD,45326
Kab. Nabire,Tamat PT,6829
Kab. Nabire,Tamat SD,18370
Kab. Nabire,Tamat SLTA,26446
Kab. Nabire,Tamat SLTP,19959
Kab. Nabire,Tidak/Belum Tamat SD,5224
Kab. Nagan Raya,Tamat PT,6088
Kab. Nagan Raya,Tamat SD,29305
Kab. Nagan Raya,Tamat SLTA,20420
Kab. Nagan Raya,Tamat SLTP,24068
Kab. Nagan Raya,Tidak/Belum Tamat SD,6748
Kab. Nagekeo,Tamat PT,4342
Kab. Nagekeo,Tamat SD,39526
Kab. Nagekeo,Tamat SLTA,11719
Kab. Nagekeo,Tamat SLTP,12540
Kab. Nagekeo,Tidak/Belum Tamat SD,9946
Kab. Natuna,Tamat PT,3535
Kab. Natuna,Tamat SD,17758
Kab. Natuna,Tamat SLTA,9619
Kab. Natuna,Tamat SLTP,8446
Kab. Natuna,Tidak/Belum Tamat SD,5270
Kab. Nduga,Tamat PT,25
Kab. Nduga,Tamat SD,1800
Kab. Nduga,Tamat SLTA,280
Kab. Nduga,Tamat SLTP,713
Kab. Nduga,Tidak/Belum Tamat SD,650
Kab. Ngada,Tamat PT,5296
Kab. Ngada,Tamat SD,47283
Kab. Ngada,Tamat SLTA,12657
Kab. Ngada,Tamat SLTP,12665
Kab. Ngada,Tidak/Belum Tamat SD,7981
Kab. Nganjuk,Tamat PT,31554
Kab. Nganjuk,Tamat SD,292052
Kab. Nganjuk,Tamat SLTA,144116
Kab. Nganjuk,Tamat SLTP,175438
Kab. Nganjuk,Tidak/Belum Tamat SD,56718
Kab. Ngawi,Tamat PT,22510
Kab. Ngawi,Tamat SD,235464
Kab. Ngawi,Tamat SLTA,98232
Kab. Ngawi,Tamat SLTP,133631
Kab. Ngawi,Tidak/Belum Tamat SD,37097
Kab. Nias,Tamat PT,1359
Kab. Nias,Tamat SD,19934
Kab. Nias,Tamat SLTA,7009
Kab. Nias,Tamat SLTP,10342
Kab. Nias,Tidak/Belum Tamat SD,14082
Kab. Nias Barat,Tamat PT,1548
Kab. Nias Barat,Tamat SD,10171
Kab. Nias Barat,Tamat SLTA,6342
Kab. Nias Barat,Tamat SLTP,8694
Kab. Nias Barat,Tidak/Belum Tamat SD,5596
Kab. Nias Selatan,Tamat PT,3793
Kab. Nias Selatan,Tamat SD,32423
Kab. Nias Selatan,Tamat SLTA,16999
Kab. Nias Selatan,Tamat SLTP,22739
Kab. Nias Selatan,Tidak/Belum Tamat SD,19386
Kab. Nias Utara,Tamat PT,1702
Kab. Nias Utara,Tamat SD,21270
Kab. Nias Utara,Tamat SLTA,8647
Kab. Nias Utara,Tamat SLTP,12584
Kab. Nias Utara,Tidak/Belum Tamat SD,12413
Kab. Nunukan,Tamat PT,5158
Kab. Nunukan,Tamat SD,32023
Kab. Nunukan,Tamat SLTA,17915
Kab. Nunukan,Tamat SLTP,19036
Kab. Nunukan,Tidak/Belum Tamat SD,10837
Kab. Ogan Ilir,Tamat PT,9156
Kab. Ogan Ilir,Tamat SD,127522
Kab. Ogan Ilir,Tamat SLTA,48030
Kab. Ogan Ilir,Tamat SLTP,52428
Kab. Ogan Ilir,Tidak/Belum Tamat SD,19218
Kab. Ogan Komering Ilir,Tamat PT,11638
Kab. Ogan Komering Ilir,Tamat SD,234615
Kab. Ogan Komering Ilir,Tamat SLTA,64410
Kab. Ogan Komering Ilir,Tamat SLTP,100767
Kab. Ogan Komering Ilir,Tidak/Belum Tamat SD,65475
Kab. Ogan Komering Ulu,Tamat PT,12351
Kab. Ogan Komering Ulu,Tamat SD,79773
Kab. Ogan Komering Ulu,Tamat SLTA,58263
Kab. Ogan Komering Ulu,Tamat SLTP,50374
Kab. Ogan Komering Ulu,Tidak/Belum Tamat SD,18886
Kab. Ogan Komering Ulu Selatan,Tamat PT,5634
Kab. Ogan Komering Ulu Selatan,Tamat SD,107741
Kab. Ogan Komering Ulu Selatan,Tamat SLTA,32728
Kab. Ogan Komering Ulu Selatan,Tamat SLTP,52892
Kab. Ogan Komering Ulu Selatan,Tidak/Belum Tamat SD,14962
Kab. Ogan Komering Ulu Timur,Tamat PT,13684
Kab. Ogan Komering Ulu Timur,Tamat SD,174343
Kab. Ogan Komering Ulu Timur,Tamat SLTA,71203
Kab. Ogan Komering Ulu Timur,Tamat SLTP,104909
Kab. Ogan Komering Ulu Timur,Tidak/Belum Tamat SD,41736
Kab. Pacitan,Tamat PT,16405
Kab. Pacitan,Tamat SD,185759
Kab. Pacitan,Tamat SLTA,53770
Kab. Pacitan,Tamat SLTP,88326
Kab. Pacitan,Tidak/Belum Tamat SD,21773
Kab. Padang Lawas,Tamat PT,5045
Kab. Padang Lawas,Tamat SD,53013
Kab. Padang Lawas,Tamat SLTA,30496
Kab. Padang Lawas,Tamat SLTP,37009
Kab. Padang Lawas,Tidak/Belum Tamat SD,8099
Kab. Padang Lawas Utara,Tamat PT,4689
Kab. Padang Lawas Utara,Tamat SD,47851
Kab. Padang Lawas Utara,Tamat SLTA,32482
Kab. Padang Lawas Utara,Tamat SLTP,39600
Kab. Padang Lawas Utara,Tidak/Belum Tamat SD,7722
Kab. Padang Pariaman,Tamat PT,12616
Kab. Padang Pariaman,Tamat SD,82204
Kab. Padang Pariaman,Tamat SLTA,54012
Kab. Padang Pariaman,Tamat SLTP,58307
Kab. Padang Pariaman,Tidak/Belum Tamat SD,35272
Kab. Pakpak Bharat,Tamat PT,1611
Kab. Pakpak Bharat,Tamat SD,7780
Kab. Pakpak Bharat,Tamat SLTA,5551
Kab. Pakpak Bharat,Tamat SLTP,6598
Kab. Pakpak Bharat,Tidak/Belum Tamat SD,1920
Kab. Pamekasan,Tamat PT,21302
Kab. Pamekasan,Tamat SD,214223
Kab. Pamekasan,Tamat SLTA,78979
Kab. Pamekasan,Tamat SLTP,96446
Kab. Pamekasan,Tidak/Belum Tamat SD,40962
Kab. Pandeglang,Tamat PT,23132
Kab. Pandeglang,Tamat SD,383103
Kab. Pandeglang,Tamat SLTA,85477
Kab. Pandeglang,Tamat SLTP,137407
Kab. Pandeglang,Tidak/Belum Tamat SD,69570
Kab. Pangkajene Dan Kepulauan,Tamat PT,11120
Kab. Pangkajene Dan Kepulauan,Tamat SD,74290
Kab. Pangkajene Dan Kepulauan,Tamat SLTA,33906
Kab. Pangkajene Dan Kepulauan,Tamat SLTP,27740
Kab. Pangkajene Dan Kepulauan,Tidak/Belum Tamat SD,18642
Kab. Paniai,Tamat PT,1882
Kab. Paniai,Tamat SD,6923
Kab. Paniai,Tamat SLTA,9239
Kab. Paniai,Tamat SLTP,10419
Kab. Paniai,Tidak/Belum Tamat SD,8633
Kab. Parigi Moutong,Tamat PT,8865
Kab. Parigi Moutong,Tamat SD,108138
Kab. Parigi Moutong,Tamat SLTA,38453
Kab. Parigi Moutong,Tamat SLTP,49154
Kab. Parigi Moutong,Tidak/Belum Tamat SD,41716
Kab. Pasaman,Tamat PT,8549
Kab. Pasaman,Tamat SD,61463
Kab. Pasaman,Tamat SLTA,27625
Kab. Pasaman,Tamat SLTP,37781
Kab. Pasaman,Tidak/Belum Tamat SD,22805
Kab. Pasaman Barat,Tamat PT,12028
Kab. Pasaman Barat,Tamat SD,82294
Kab. Pasaman Barat,Tamat SLTA,46752
Kab. Pasaman Barat,Tamat SLTP,57826
Kab. Pasaman Barat,Tidak/Belum Tamat SD,26094
Kab. Pasir,Tamat PT,8907
Kab. Pasir,Tamat SD,54455
Kab. Pasir,Tamat SLTA,36760
Kab. Pasir,Tamat SLTP,32316
Kab. Pasir,Tidak/Belum Tamat SD,16653
Kab. Pasuruan,Tamat PT,32766
Kab. Pasuruan,Tamat SD,473817
Kab. Pasuruan,Tamat SLTA,186956
Kab. Pasuruan,Tamat SLTP,207463
Kab. Pasuruan,Tidak/Belum Tamat SD,100356
Kab. Pati,Tamat PT,34118
Kab. Pati,Tamat SD,332441
Kab. Pati,Tamat SLTA,151946
Kab. Pati,Tamat SLTP,203175
Kab. Pati,Tidak/Belum Tamat SD,73285
Kab. Pegunungan Bintang,Tamat PT,939
Kab. Pegunungan Bintang,Tamat SD,5302
Kab. Pegunungan Bintang,Tamat SLTA,2491
Kab. Pegunungan Bintang,Tamat SLTP,2628
Kab. Pegunungan Bintang,Tidak/Belum Tamat SD,4102
Kab. Pekalongan,Tamat PT,20439
Kab. Pekalongan,Tamat SD,264337
Kab. Pekalongan,Tamat SLTA,71725
Kab. Pekalongan,Tamat SLTP,119771
Kab. Pekalongan,Tidak/Belum Tamat SD,61242
Kab. Pelalawan,Tamat PT,11304
Kab. Pelalawan,Tamat SD,66222
Kab. Pelalawan,Tamat SLTA,48905
Kab. Pelalawan,Tamat SLTP,45622
Kab. Pelalawan,Tidak/Belum Tamat SD,16942
Kab. Pemalang,Tamat PT,23373
Kab. Pemalang,Tamat SD,323704
Kab. Pemalang,Tamat SLTA,87048
Kab. Pemalang,Tamat SLTP,133333
Kab. Pemalang,Tidak/Belum Tamat SD,64836
Kab. Penajam Paser Utara,Tamat PT,4694
Kab. Penajam Paser Utara,Tamat SD,34290
Kab. Penajam Paser Utara,Tamat SLTA,21001
Kab. Penajam Paser Utara,Tamat SLTP,21158
Kab. Penajam Paser Utara,Tidak/Belum Tamat SD,11290
Kab. Pesawaran,Tamat PT,7417
Kab. Pesawaran,Tamat SD,111598
Kab. Pesawaran,Tamat SLTA,48481
Kab. Pesawaran,Tamat SLTP,73585
Kab. Pesawaran,Tidak/Belum Tamat SD,25857
Kab. Pesisir Selatan,Tamat PT,13928
Kab. Pesisir Selatan,Tamat SD,86793
Kab. Pesisir Selatan,Tamat SLTA,66441
Kab. Pesisir Selatan,Tamat SLTP,70110
Kab. Pesisir Selatan,Tidak/Belum Tamat SD,35166
Kab. Pidie,Tamat PT,20608
Kab. Pidie,Tamat SD,67054
Kab. Pidie,Tamat SLTA,69124
Kab. Pidie,Tamat SLTP,70809
Kab. Pidie,Tidak/Belum Tamat SD,15617
Kab. Pidie Jaya,Tamat PT,6669
Kab. Pidie Jaya,Tamat SD,23540
Kab. Pidie Jaya,Tamat SLTA,23199
Kab. Pidie Jaya,Tamat SLTP,27955
Kab. Pidie Jaya,Tidak/Belum Tamat SD,4161
Kab. Pinrang,Tamat PT,13880
Kab. Pinrang,Tamat SD,86787
Kab. Pinrang,Tamat SLTA,44958
Kab. Pinrang,Tamat SLTP,48197
Kab. Pinrang,Tidak/Belum Tamat SD,18983
Kab. Pohuwato,Tamat PT,3173
Kab. Pohuwato,Tamat SD,29879
Kab. Pohuwato,Tamat SLTA,10664
Kab. Pohuwato,Tamat SLTP,12886
Kab. Pohuwato,Tidak/Belum Tamat SD,24856
Kab. Polewali Mandar,Tamat PT,13850
Kab. Polewali Mandar,Tamat SD,85832
Kab. Polewali Mandar,Tamat SLTA,42264
Kab. Polewali Mandar,Tamat SLTP,42900
Kab. Polewali Mandar,Tidak/Belum Tamat SD,33180
Kab. Ponorogo,Tamat PT,28241
Kab. Ponorogo,Tamat SD,226907
Kab. Ponorogo,Tamat SLTA,113654
Kab. Ponorogo,Tamat SLTP,137934
Kab. Ponorogo,Tidak/Belum Tamat SD,51029
Kab. Pontianak,Tamat PT,5472
Kab. Pontianak,Tamat SD,54146
Kab. Pontianak,Tamat SLTA,27508
Kab. Pontianak,Tamat SLTP,30216
Kab. Pontianak,Tidak/Belum Tamat SD,19761
Kab. Poso,Tamat PT,9381
Kab. Poso,Tamat SD,50368
Kab. Poso,Tamat SLTA,37609
Kab. Poso,Tamat SLTP,34620
Kab. Poso,Tidak/Belum Tamat SD,8713
Kab. Pringsewu,Tamat PT,12033
Kab. Pringsewu,Tamat SD,94101
Kab. Pringsewu,Tamat SLTA,51163
Kab. Pringsewu,Tamat SLTP,67571
Kab. Pringsewu,Tidak/Belum Tamat SD,22601
Kab. Probolinggo,Tamat PT,22576
Kab. Probolinggo,Tamat SD,322343
Kab. Probolinggo,Tamat SLTA,81440
Kab. Probolinggo,Tamat SLTP,119091
Kab. Probolinggo,Tidak/Belum Tamat SD,88695
Kab. Pulang Pisau,Tamat PT,4067
Kab. Pulang Pisau,Tamat SD,32752
Kab. Pulang Pisau,Tamat SLTA,13774
Kab. Pulang Pisau,Tamat SLTP,19179
Kab. Pulang Pisau,Tidak/Belum Tamat SD,9546
Kab. Pulau Morotai,Tamat PT,1293
Kab. Pulau Morotai,Tamat SD,12763
Kab. Pulau Morotai,Tamat SLTA,4794
Kab. Pulau Morotai,Tamat SLTP,5861
Kab. Pulau Morotai,Tidak/Belum Tamat SD,5305
Kab. Puncak,Tamat PT,295
Kab. Puncak,Tamat SD,3384
Kab. Puncak,Tamat SLTA,1962
Kab. Puncak,Tamat SLTP,3300
Kab. Puncak,Tidak/Belum Tamat SD,2380
Kab. Puncak Jaya,Tamat PT,1057
Kab. Puncak Jaya,Tamat SD,6093
Kab. Puncak Jaya,Tamat SLTA,4323
Kab. Puncak Jaya,Tamat SLTP,6162
Kab. Puncak Jaya,Tidak/Belum Tamat SD,2994
Kab. Purbalingga,Tamat PT,22782
Kab. Purbalingga,Tamat SD,263884
Kab. Purbalingga,Tamat SLTA,77281
Kab. Purbalingga,Tamat SLTP,124999
Kab. Purbalingga,Tidak/Belum Tamat SD,73946
Kab. Purwakarta,Tamat PT,27245
Kab. Purwakarta,Tamat SD,245628
Kab. Purwakarta,Tamat SLTA,131347
Kab. Purwakarta,Tamat SLTP,121574
Kab. Purwakarta,Tidak/Belum Tamat SD,43386
Kab. Purworejo,Tamat PT,23464
Kab. Purworejo,Tamat SD,194850
Kab. Purworejo,Tamat SLTA,108063
Kab. Purworejo,Tamat SLTP,122791
Kab. Purworejo,Tidak/Belum Tamat SD,30175
Kab. Raja Ampat,Tamat PT,1445
Kab. Raja Ampat,Tamat SD,10323
Kab. Raja Ampat,Tamat SLTA,5120
Kab. Raja Ampat,Tamat SLTP,5820
Kab. Raja Ampat,Tidak/Belum Tamat SD,2803
Kab. Rejang Lebong,Tamat PT,9842
Kab. Rejang Lebong,Tamat SD,60111
Kab. Rejang Lebong,Tamat SLTA,39575
Kab. Rejang Lebong,Tamat SLTP,38060
Kab. Rejang Lebong,Tidak/Belum Tamat SD,17730
Kab. Rembang,Tamat PT,15477
Kab. Rembang,Tamat SD,196296
Kab. Rembang,Tamat SLTA,54346
Kab. Rembang,Tamat SLTP,108295
Kab. Rembang,Tidak/Belum Tamat SD,34544
Kab. Rokan Hilir,Tamat PT,11780
Kab. Rokan Hilir,Tamat SD,141716
Kab. Rokan Hilir,Tamat SLTA,72887
Kab. Rokan Hilir,Tamat SLTP,93549
Kab. Rokan Hilir,Tidak/Belum Tamat SD,23540
Kab. Rokan Hulu,Tamat PT,11929
Kab. Rokan Hulu,Tamat SD,116121
Kab. Rokan Hulu,Tamat SLTA,62890
Kab. Rokan Hulu,Tamat SLTP,78910
Kab. Rokan Hulu,Tidak/Belum Tamat SD,26353
Kab. Rote Ndao,Tamat PT,3211
Kab. Rote Ndao,Tamat SD,33547
Kab. Rote Ndao,Tamat SLTA,11043
Kab. Rote Ndao,Tamat SLTP,10387
Kab. Rote Ndao,Tidak/Belum Tamat SD,8299
Kab. Sabu Raijua,Tamat PT,1202
Kab. Sabu Raijua,Tamat SD,18301
Kab. Sabu Raijua,Tamat SLTA,4152
Kab. Sabu Raijua,Tamat SLTP,5209
Kab. Sabu Raijua,Tidak/Belum Tamat SD,4748
Kab. Sambas,Tamat PT,9344
Kab. Sambas,Tamat SD,128907
Kab. Sambas,Tamat SLTA,40902
Kab. Sambas,Tamat SLTP,55760
Kab. Sambas,Tidak/Belum Tamat SD,63527
Kab. Samosir,Tamat PT,4926
Kab. Samosir,Tamat SD,17000
Kab. Samosir,Tamat SLTA,22703
Kab. Samosir,Tamat SLTP,21029
Kab. Samosir,Tidak/Belum Tamat SD,5985
Kab. Sampang,Tamat PT,352
Kab. Sampang,Tamat SD,13745
Kab. Sampang,Tamat SLTA,1386
Kab. Sampang,Tamat SLTP,3685
Kab. Sampang,Tidak/Belum Tamat SD,6412
Kab. Sanggau,Tamat PT,9010
Kab. Sanggau,Tamat SD,98583
Kab. Sanggau,Tamat SLTA,45682
Kab. Sanggau,Tamat SLTP,51737
Kab. Sanggau,Tidak/Belum Tamat SD,45013
Kab. Sarmi,Tamat PT,968
Kab. Sarmi,Tamat SD,4988
Kab. Sarmi,Tamat SLTA,4571
Kab. Sarmi,Tamat SLTP,3986
Kab. Sarmi,Tidak/Belum Tamat SD,1691
Kab. Sarolangun,Tamat PT,8430
Kab. Sarolangun,Tamat SD,64025
Kab. Sarolangun,Tamat SLTA,29234
Kab. Sarolangun,Tamat SLTP,35477
Kab. Sarolangun,Tidak/Belum Tamat SD,16052
Kab. Sekadau,Tamat PT,3153
Kab. Sekadau,Tamat SD,46377
Kab. Sekadau,Tamat SLTA,15901
Kab. Sekadau,Tamat SLTP,21972
Kab. Sekadau,Tidak/Belum Tamat SD,20469
Kab. Seluma,Tamat PT,4003
Kab. Seluma,Tamat SD,42654
Kab. Seluma,Tamat SLTA,23480
Kab. Seluma,Tamat SLTP,27935
Kab. Seluma,Tidak/Belum Tamat SD,12596
Kab. Semarang,Tamat PT,36785
Kab. Semarang,Tamat SD,241546
Kab. Semarang,Tamat SLTA,152217
Kab. Semarang,Tamat SLTP,162725
Kab. Semarang,Tidak/Belum Tamat SD,53882
Kab. Seram Bagian Barat,Tamat PT,5797
Kab. Seram Bagian Barat,Tamat SD,32611
Kab. Seram Bagian Barat,Tamat SLTA,23259
Kab. Seram Bagian Barat,Tamat SLTP,21144
Kab. Seram Bagian Barat,Tidak/Belum Tamat SD,8892
Kab. Seram Bagian Timur,Tamat PT,3289
Kab. Seram Bagian Timur,Tamat SD,22030
Kab. Seram Bagian Timur,Tamat SLTA,11435
Kab. Seram Bagian Timur,Tamat SLTP,12120
Kab. Seram Bagian Timur,Tidak/Belum Tamat SD,6659
Kab. Serang,Tamat PT,26235
Kab. Serang,Tamat SD,403489
Kab. Serang,Tamat SLTA,174074
Kab. Serang,Tamat SLTP,227980
Kab. Serang,Tidak/Belum Tamat SD,54939
Kab. Serdang Bedagai,Tamat PT,12799
Kab. Serdang Bedagai,Tamat SD,141474
Kab. Serdang Bedagai,Tamat SLTA,104344
Kab. Serdang Bedagai,Tamat SLTP,109128
Kab. Serdang Bedagai,Tidak/Belum Tamat SD,25519
Kab. Seruyan,Tamat PT,3910
Kab. Seruyan,Tamat SD,45539
Kab. Seruyan,Tamat SLTA,15445
Kab. Seruyan,Tamat SLTP,20584
Kab. Seruyan,Tidak/Belum Tamat SD,8678
Kab. Siak,Tamat PT,14002
Kab. Siak,Tamat SD,69198
Kab. Siak,Tamat SLTA,76898
Kab. Siak,Tamat SLTP,63505
Kab. Siak,Tidak/Belum Tamat SD,13099
Kab. Siau Tagulandang Biaro,Tamat PT,2422
Kab. Siau Tagulandang Biaro,Tamat SD,15312
Kab. Siau Tagulandang Biaro,Tamat SLTA,11454
Kab. Siau Tagulandang Biaro,Tamat SLTP,12290
Kab. Siau Tagulandang Biaro,Tidak/Belum Tamat SD,5818
Kab. Sidenreng Rappang,Tamat PT,10876
Kab. Sidenreng Rappang,Tamat SD,63540
Kab. Sidenreng Rappang,Tamat SLTA,35125
Kab. Sidenreng Rappang,Tamat SLTP,40285
Kab. Sidenreng Rappang,Tidak/Belum Tamat SD,18750
Kab. Sidoarjo,Tamat PT,155934
Kab. Sidoarjo,Tamat SD,298979
Kab. Sidoarjo,Tamat SLTA,580171
Kab. Sidoarjo,Tamat SLTP,336405
Kab. Sidoarjo,Tidak/Belum Tamat SD,44574
Kab. Sigi,Tamat PT,7188
Kab. Sigi,Tamat SD,60072
Kab. Sigi,Tamat SLTA,30017
Kab. Sigi,Tamat SLTP,30862
Kab. Sigi,Tidak/Belum Tamat SD,9246
Kab. Sijunjung,Tamat PT,7681
Kab. Sijunjung,Tamat SD,43605
Kab. Sijunjung,Tamat SLTA,24298
Kab. Sijunjung,Tamat SLTP,27839
Kab. Sijunjung,Tidak/Belum Tamat SD,22285
Kab. Sikka,Tamat PT,9153
Kab. Sikka,Tamat SD,62233
Kab. Sikka,Tamat SLTA,29047
Kab. Sikka,Tamat SLTP,25150
Kab. Sikka,Tidak/Belum Tamat SD,56026
Kab. Simalungun,Tamat PT,23742
Kab. Simalungun,Tamat SD,154652
Kab. Simalungun,Tamat SLTA,177706
Kab. Simalungun,Tamat SLTP,153585
Kab. Simalungun,Tidak/Belum Tamat SD,32269
Kab. Simeulue,Tamat PT,3820
Kab. Simeulue,Tamat SD,20090
Kab. Simeulue,Tamat SLTA,11393
Kab. Simeulue,Tamat SLTP,12833
Kab. Simeulue,Tidak/Belum Tamat SD,3180
Kab. Sinjai,Tamat PT,9994
Kab. Sinjai,Tamat SD,53311
Kab. Sinjai,Tamat SLTA,24200
Kab. Sinjai,Tamat SLTP,26778
Kab. Sinjai,Tidak/Belum Tamat SD,13449
Kab. Sintang,Tamat PT,8276
Kab. Sintang,Tamat SD,84582
Kab. Sintang,Tamat SLTA,35074
Kab. Sintang,Tamat SLTP,41321
Kab. Sintang,Tidak/Belum Tamat SD,39457
Kab. Situbondo,Tamat PT,20385
Kab. Situbondo,Tamat SD,165695
Kab. Situbondo,Tamat SLTA,69154
Kab. Situbondo,Tamat SLTP,73078
Kab. Situbondo,Tidak/Belum Tamat SD,46366
Kab. Sleman,Tamat PT,137157
Kab. Sleman,Tamat SD,125066
Kab. Sleman,Tamat SLTA,355485
Kab. Sleman,Tamat SLTP,145743
Kab. Sleman,Tidak/Belum Tamat SD,37286
Kab. Solok,Tamat PT,12509
Kab. Solok,Tamat SD,80461
Kab. Solok,Tamat SLTA,41644
Kab. Solok,Tamat SLTP,50273
Kab. Solok,Tidak/Belum Tamat SD,38834
Kab. Solok Selatan,Tamat PT,5672
Kab. Solok Selatan,Tamat SD,31883
Kab. Solok Selatan,Tamat SLTA,19454
Kab. Solok Selatan,Tamat SLTP,22873
Kab. Solok Selatan,Tidak/Belum Tamat SD,12367
Kab. Soppeng,Tamat PT,11065
Kab. Soppeng,Tamat SD,55629
Kab. Soppeng,Tamat SLTA,29304
Kab. Soppeng,Tamat SLTP,28801
Kab. Soppeng,Tidak/Belum Tamat SD,15065
Kab. Sorong,Tamat PT,2391
Kab. Sorong,Tamat SD,12250
Kab. Sorong,Tamat SLTA,11137
Kab. Sorong,Tamat SLTP,10432
Kab. Sorong,Tidak/Belum Tamat SD,5416
Kab. Sorong Selatan,Tamat PT,1738
Kab. Sorong Selatan,Tamat SD,7469
Kab. Sorong Selatan,Tamat SLTA,3969
Kab. Sorong Selatan,Tamat SLTP,4128
Kab. Sorong Selatan,Tidak/Belum Tamat SD,2798
Kab. Sragen,Tamat PT,30536
Kab. Sragen,Tamat SD,203093
Kab. Sragen,Tamat SLTA,123064
Kab. Sragen,Tamat SLTP,144873
Kab. Sragen,Tidak/Belum Tamat SD,32928
Kab. Subang,Tamat PT,33795
Kab. Subang,Tamat SD,442826
Kab. Subang,Tamat SLTA,160762
Kab. Subang,Tamat SLTP,211153
Kab. Subang,Tidak/Belum Tamat SD,94832
Kab. Sukabumi,Tamat PT,41020
Kab. Sukabumi,Tamat SD,890743
Kab. Sukabumi,Tamat SLTA,197428
Kab. Sukabumi,Tamat SLTP,291784
Kab. Sukabumi,Tidak/Belum Tamat SD,121816
Kab. Sukamara,Tamat PT,2112
Kab. Sukamara,Tamat SD,13247
Kab. Sukamara,Tamat SLTA,4891
Kab. Sukamara,Tamat SLTP,5947
Kab. Sukamara,Tidak/Belum Tamat SD,3418
Kab. Sukoharjo,Tamat PT,56242
Kab. Sukoharjo,Tamat SD,160680
Kab. Sukoharjo,Tamat SLTA,187725
Kab. Sukoharjo,Tamat SLTP,138933
Kab. Sukoharjo,Tidak/Belum Tamat SD,25442
Kab. Sumba Barat,Tamat PT,3267
Kab. Sumba Barat,Tamat SD,19255
Kab. Sumba Barat,Tamat SLTA,10086
Kab. Sumba Barat,Tamat SLTP,10292
Kab. Sumba Barat,Tidak/Belum Tamat SD,9313
Kab. Sumba Barat Daya,Tamat PT,3470
Kab. Sumba Barat Daya,Tamat SD,41504
Kab. Sumba Barat Daya,Tamat SLTA,15628
Kab. Sumba Barat Daya,Tamat SLTP,25250
Kab. Sumba Barat Daya,Tidak/Belum Tamat SD,23163
Kab. Sumba Tengah,Tamat PT,1485
Kab. Sumba Tengah,Tamat SD,11631
Kab. Sumba Tengah,Tamat SLTA,4009
Kab. Sumba Tengah,Tamat SLTP,4625
Kab. Sumba Tengah,Tidak/Belum Tamat SD,6524
Kab. Sumba Timur,Tamat PT,6179
Kab. Sumba Timur,Tamat SD,42101
Kab. Sumba Timur,Tamat SLTA,22791
Kab. Sumba Timur,Tamat SLTP,19344
Kab. Sumba Timur,Tidak/Belum Tamat SD,31451
Kab. Sumbawa,Tamat PT,15368
Kab. Sumbawa,Tamat SD,107694
Kab. Sumbawa,Tamat SLTA,56040
Kab. Sumbawa,Tamat SLTP,55484
Kab. Sumbawa,Tidak/Belum Tamat SD,24486
Kab. Sumbawa Barat,Tamat PT,5585
Kab. Sumbawa Barat,Tamat SD,27841
Kab. Sumbawa Barat,Tamat SLTA,18291
Kab. Sumbawa Barat,Tamat SLTP,13615
Kab. Sumbawa Barat,Tidak/Belum Tamat SD,5436
Kab. Sumedang,Tamat PT,36362
Kab. Sumedang,Tamat SD,390403
Kab. Sumedang,Tamat SLTA,157178
Kab. Sumedang,Tamat SLTP,171287
Kab. Sumedang,Tidak/Belum Tamat SD,31204
Kab. Sumenep,Tamat PT,21719
Kab. Sumenep,Tamat SD,268394
Kab. Sumenep,Tamat SLTA,80133
Kab. Sumenep,Tamat SLTP,114737
Kab. Sumenep,Tidak/Belum Tamat SD,67148
Kab. Supiori,Tamat PT,417
Kab. Supiori,Tamat SD,2891
Kab. Supiori,Tamat SLTA,1925
Kab. Supiori,Tamat SLTP,1884
Kab. Supiori,Tidak/Belum Tamat SD,1620
Kab. Tabalong,Tamat PT,9910
Kab. Tabalong,Tamat SD,55204
Kab. Tabalong,Tamat SLTA,34363
Kab. Tabalong,Tamat SLTP,36305
Kab. Tabalong,Tidak/Belum Tamat SD,13559
Kab. Tabanan,Tamat PT,22995
Kab. Tabanan,Tamat SD,109823
Kab. Tabanan,Tamat SLTA,90622
Kab. Tabanan,Tamat SLTP,55620
Kab. Tabanan,Tidak/Belum Tamat SD,16774
Kab. Takalar,Tamat PT,9101
Kab. Takalar,Tamat SD,52475
Kab. Takalar,Tamat SLTA,35801
Kab. Takalar,Tamat SLTP,35045
Kab. Takalar,Tidak/Belum Tamat SD,21708
Kab. Tambrauw,Tamat PT,77
Kab. Tambrauw,Tamat SD,799
Kab. Tambrauw,Tamat SLTA,384
Kab. Tambrauw,Tamat SLTP,434
Kab. Tambrauw,Tidak/Belum Tamat SD,755
Kab. Tana Tidung,Tamat PT,1133
Kab. Tana Tidung,Tamat SD,3014
Kab. Tana Tidung,Tamat SLTA,2709
Kab. Tana Tidung,Tamat SLTP,1672
Kab. Tana Tidung,Tidak/Belum Tamat SD,946
Kab. Tana Toraja,Tamat PT,9379
Kab. Tana Toraja,Tamat SD,31801
Kab. Tana Toraja,Tamat SLTA,35544
Kab. Tana Toraja,Tamat SLTP,30061
Kab. Tana Toraja,Tidak/Belum Tamat SD,10628
Kab. Tanah Bumbu,Tamat PT,7973
Kab. Tanah Bumbu,Tamat SD,66256
Kab. Tanah Bumbu,Tamat SLTA,35766
Kab. Tanah Bumbu,Tamat SLTP,41463
Kab. Tanah Bumbu,Tidak/Belum Tamat SD,22244
Kab. Tanah Datar,Tamat PT,15694
Kab. Tanah Datar,Tamat SD,71558
Kab. Tanah Datar,Tamat SLTA,55095
Kab. Tanah Datar,Tamat SLTP,55753
Kab. Tanah Datar,Tidak/Belum Tamat SD,31724
Kab. Tanah Laut,Tamat PT,8387
Kab. Tanah Laut,Tamat SD,82942
Kab. Tanah Laut,Tamat SLTA,31640
Kab. Tanah Laut,Tamat SLTP,44001
Kab. Tanah Laut,Tidak/Belum Tamat SD,30100
Kab. Tangerang,Tamat PT,97791
Kab. Tangerang,Tamat SD,615120
Kab. Tangerang,Tamat SLTA,565867
Kab. Tangerang,Tamat SLTP,499892
Kab. Tangerang,Tidak/Belum Tamat SD,112896
Kab. Tanggamus,Tamat PT,9879
Kab. Tanggamus,Tamat SD,152011
Kab. Tanggamus,Tamat SLTA,57231
Kab. Tanggamus,Tamat SLTP,88716
Kab. Tanggamus,Tidak/Belum Tamat SD,46683
Kab. Tanjung Jabung Barat,Tamat PT,7602
Kab. Tanjung Jabung Barat,Tamat SD,72765
Kab. Tanjung Jabung Barat,Tamat SLTA,35061
Kab. Tanjung Jabung Barat,Tamat SLTP,42514
Kab. Tanjung Jabung Barat,Tidak/Belum Tamat SD,22287
Kab. Tanjung Jabung Timur,Tamat PT,4589
Kab. Tanjung Jabung Timur,Tamat SD,60206
Kab. Tanjung Jabung Timur,Tamat SLTA,17168
Kab. Tanjung Jabung Timur,Tamat SLTP,26758
Kab. Tanjung Jabung Timur,Tidak/Belum Tamat SD,20812
Kab. Tapanuli Selatan,Tamat PT,5477
Kab. Tapanuli Selatan,Tamat SD,62663
Kab. Tapanuli Selatan,Tamat SLTA,37876
Kab. Tapanuli Selatan,Tamat SLTP,44909
Kab. Tapanuli Selatan,Tidak/Belum Tamat SD,12197
Kab. Tapanuli Tengah,Tamat PT,8667
Kab. Tapanuli Tengah,Tamat SD,57653
Kab. Tapanuli Tengah,Tamat SLTA,43330
Kab. Tapanuli Tengah,Tamat SLTP,49815
Kab. Tapanuli Tengah,Tidak/Belum Tamat SD,22124
Kab. Tapanuli Utara,Tamat PT,10135
Kab. Tapanuli Utara,Tamat SD,39667
Kab. Tapanuli Utara,Tamat SLTA,54623
Kab. Tapanuli Utara,Tamat SLTP,54318
Kab. Tapanuli Utara,Tidak/Belum Tamat SD,11819
Kab. Tapin,Tamat PT,5755
Kab. Tapin,Tamat SD,51928
Kab. Tapin,Tamat SLTA,18429
Kab. Tapin,Tamat SLTP,24225
Kab. Tapin,Tidak/Belum Tamat SD,13683
Kab. Tasikmalaya,Tamat PT,30408
Kab. Tasikmalaya,Tamat SD,743084
Kab. Tasikmalaya,Tamat SLTA,104545
Kab. Tasikmalaya,Tamat SLTP,207927
Kab. Tasikmalaya,Tidak/Belum Tamat SD,56298
Kab. Tebo,Tamat PT,7217
Kab. Tebo,Tamat SD,84035
Kab. Tebo,Tamat SLTA,32626
Kab. Tebo,Tamat SLTP,47666
Kab. Tebo,Tidak/Belum Tamat SD,21038
Kab. Tegal,Tamat PT,36144
Kab. Tegal,Tamat SD,387194
Kab. Tegal,Tamat SLTA,135651
Kab. Tegal,Tamat SLTP,189477
Kab. Tegal,Tidak/Belum Tamat SD,111017
Kab. Teluk Bintuni,Tamat PT,2330
Kab. Teluk Bintuni,Tamat SD,9298
Kab. Teluk Bintuni,Tamat SLTA,8685
Kab. Teluk Bintuni,Tamat SLTP,7477
Kab. Teluk Bintuni,Tidak/Belum Tamat SD,3241
Kab. Teluk Wondama,Tamat PT,1247
Kab. Teluk Wondama,Tamat SD,5189
Kab. Teluk Wondama,Tamat SLTA,3524
Kab. Teluk Wondama,Tamat SLTP,3109
Kab. Teluk Wondama,Tidak/Belum Tamat SD,1763
Kab. Temanggung,Tamat PT,19504
Kab. Temanggung,Tamat SD,233557
Kab. Temanggung,Tamat SLTA,64577
Kab. Temanggung,Tamat SLTP,102560
Kab. Temanggung,Tidak/Belum Tamat SD,63031
Kab. Timor Tengah Selatan,Tamat PT,8198
Kab. Timor Tengah Selatan,Tamat SD,105678
Kab. Timor Tengah Selatan,Tamat SLTA,33768
Kab. Timor Tengah Selatan,Tamat SLTP,40498
Kab. Timor Tengah Selatan,Tidak/Belum Tamat SD,17829
Kab. Timor Tengah Utara,Tamat PT,7091
Kab. Timor Tengah Utara,Tamat SD,65664
Kab. Timor Tengah Utara,Tamat SLTA,20782
Kab. Timor Tengah Utara,Tamat SLTP,20484
Kab. Timor Tengah Utara,Tidak/Belum Tamat SD,7176
Kab. Toba Samosir,Tamat PT,8779
Kab. Toba Samosir,Tamat SD,20182
Kab. Toba Samosir,Tamat SLTA,42029
Kab. Toba Samosir,Tamat SLTP,32034
Kab. Toba Samosir,Tidak/Belum Tamat SD,5096
Kab. Tojo Unauna,Tamat PT,4996
Kab. Tojo Unauna,Tamat SD,38683
Kab. Tojo Unauna,Tamat SLTA,13738
Kab. Tojo Unauna,Tamat SLTP,16369
Kab. Tojo Unauna,Tidak/Belum Tamat SD,12332
Kab. Tolikara,Tamat PT,577
Kab. Tolikara,Tamat SD,6329
Kab. Tolikara,Tamat SLTA,4966
Kab. Tolikara,Tamat SLTP,6184
Kab. Tolikara,Tidak/Belum Tamat SD,2904
Kab. Tolitoli,Tamat PT,7736
Kab. Tolitoli,Tamat SD,53464
Kab. Tolitoli,Tamat SLTA,25872
Kab. Tolitoli,Tamat SLTP,28828
Kab. Tolitoli,Tidak/Belum Tamat SD,16910
Kab. Toraja Utara,Tamat PT,7257
Kab. Toraja Utara,Tamat SD,16958
Kab. Toraja Utara,Tamat SLTA,23946
Kab. Toraja Utara,Tamat SLTP,19532
Kab. Toraja Utara,Tidak/Belum Tamat SD,5553
Kab. Trenggalek,Tamat PT,19718
Kab. Trenggalek,Tamat SD,231922
Kab. Trenggalek,Tamat SLTA,72238
Kab. Trenggalek,Tamat SLTP,117645
Kab. Trenggalek,Tidak/Belum Tamat SD,36316
Kab. Tuban,Tamat PT,27236
Kab. Tuban,Tamat SD,343377
Kab. Tuban,Tamat SLTA,111835
Kab. Tuban,Tamat SLTP,166813
Kab. Tuban,Tidak/Belum Tamat SD,47361
Kab. Tulangbawang,Tamat PT,7380
Kab. Tulangbawang,Tamat SD,107483
Kab. Tulangbawang,Tamat SLTA,52759
Kab. Tulangbawang,Tamat SLTP,67297
Kab. Tulangbawang,Tidak/Belum Tamat SD,26398
Kab. Tulangbawang Barat,Tamat PT,4718
Kab. Tulangbawang Barat,Tamat SD,77678
Kab. Tulangbawang Barat,Tamat SLTA,25895
Kab. Tulangbawang Barat,Tamat SLTP,43146
Kab. Tulangbawang Barat,Tidak/Belum Tamat SD,16112
Kab. Tulungagung,Tamat PT,34659
Kab. Tulungagung,Tamat SD,290007
Kab. Tulungagung,Tamat SLTA,148199
Kab. Tulungagung,Tamat SLTP,176196
Kab. Tulungagung,Tidak/Belum Tamat SD,49270
Kab. Wajo,Tamat PT,13025
Kab. Wajo,Tamat SD,123141
Kab. Wajo,Tamat SLTA,33062
Kab. Wajo,Tamat SLTP,39204
Kab. Wajo,Tidak/Belum Tamat SD,29081
Kab. Wakatobi,Tamat PT,3748
Kab. Wakatobi,Tamat SD,16369
Kab. Wakatobi,Tamat SLTA,10837
Kab. Wakatobi,Tamat SLTP,12520
Kab. Wakatobi,Tidak/Belum Tamat SD,7189
Kab. Waropen,Tamat PT,1020
Kab. Waropen,Tamat SD,5019
Kab. Waropen,Tamat SLTA,3497
Kab. Waropen,Tamat SLTP,2948
Kab. Waropen,Tidak/Belum Tamat SD,1944
Kab. Way Kanan,Tamat PT,7036
Kab. Way Kanan,Tamat SD,132990
Kab. Way Kanan,Tamat SLTA,36510
Kab. Way Kanan,Tamat SLTP,68614
Kab. Way Kanan,Tidak/Belum Tamat SD,25302
Kab. Wonogiri,Tamat PT,25263
Kab. Wonogiri,Tamat SD,294379
Kab. Wonogiri,Tamat SLTA,98833
Kab. Wonogiri,Tamat SLTP,143113
Kab. Wonogiri,Tidak/Belum Tamat SD,42075
Kab. Wonosobo,Tamat PT,17976
Kab. Wonosobo,Tamat SD,273801
Kab. Wonosobo,Tamat SLTA,49686
Kab. Wonosobo,Tamat SLTP,82766
Kab. Wonosobo,Tidak/Belum Tamat SD,65834
Kab. Yahukimo,Tamat PT,1064
Kab. Yahukimo,Tamat SD,13155
Kab. Yahukimo,Tamat SLTA,3979
Kab. Yahukimo,Tamat SLTP,6139
Kab. Yahukimo,Tidak/Belum Tamat SD,4293
Kab. Yalimo,Tamat PT,679
Kab. Yalimo,Tamat SD,3695
Kab. Yalimo,Tamat SLTA,2556
Kab. Yalimo,Tamat SLTP,3086
Kab. Yalimo,Tidak/Belum Tamat SD,1606
Kab. Yapen Waropen,Tamat PT,4187
Kab. Yapen Waropen,Tamat SD,12354
Kab. Yapen Waropen,Tamat SLTA,14611
Kab. Yapen Waropen,Tamat SLTP,11958
Kab. Yapen Waropen,Tidak/Belum Tamat SD,3756
Kota Ambon,Tamat PT,33257
Kota Ambon,Tamat SD,30603
Kota Ambon,Tamat SLTA,120722
Kota Ambon,Tamat SLTP,42187
Kota Ambon,Tidak/Belum Tamat SD,5105
Kota Balikpapan,Tamat PT,47093
Kota Balikpapan,Tamat SD,74880
Kota Balikpapan,Tamat SLTA,170705
Kota Balikpapan,Tamat SLTP,84393
Kota Balikpapan,Tidak/Belum Tamat SD,14010
Kota Banda Aceh,Tamat PT,37789
Kota Banda Aceh,Tamat SD,11694
Kota Banda Aceh,Tamat SLTA,89661
Kota Banda Aceh,Tamat SLTP,25613
Kota Banda Aceh,Tidak/Belum Tamat SD,2455
Kota Bandar Lampung,Tamat PT,86205
Kota Bandar Lampung,Tamat SD,124333
Kota Bandar Lampung,Tamat SLTA,255481
Kota Bandar Lampung,Tamat SLTP,136368
Kota Bandar Lampung,Tidak/Belum Tamat SD,28259
Kota Bandung,Tamat PT,296728
Kota Bandung,Tamat SD,364665
Kota Bandung,Tamat SLTA,698897
Kota Bandung,Tamat SLTP,386111
Kota Bandung,Tidak/Belum Tamat SD,39258
Kota Banjar,Tamat PT,6936
Kota Banjar,Tamat SD,53982
Kota Banjar,Tamat SLTA,25028
Kota Banjar,Tamat SLTP,27987
Kota Banjar,Tidak/Belum Tamat SD,7804
Kota Banjar Baru,Tamat PT,19036
Kota Banjar Baru,Tamat SD,30585
Kota Banjar Baru,Tamat SLTA,53411
Kota Banjar Baru,Tamat SLTP,31041
Kota Banjar Baru,Tidak/Belum Tamat SD,7765
Kota Banjarmasin,Tamat PT,46384
Kota Banjarmasin,Tamat SD,110148
Kota Banjarmasin,Tamat SLTA,163768
Kota Banjarmasin,Tamat SLTP,101550
Kota Banjarmasin,Tidak/Belum Tamat SD,25593
Kota Baru,Tamat PT,8600
Kota Baru,Tamat SD,79131
Kota Baru,Tamat SLTA,30715
Kota Baru,Tamat SLTP,36580
Kota Baru,Tidak/Belum Tamat SD,26262
Kota Batam,Tamat PT,59692
Kota Batam,Tamat SD,82264
Kota Batam,Tamat SLTA,381604
Kota Batam,Tamat SLTP,116926
Kota Batam,Tidak/Belum Tamat SD,20991
Kota Batu,Tamat PT,11395
Kota Batu,Tamat SD,48462
Kota Batu,Tamat SLTA,35458
Kota Batu,Tamat SLTP,31891
Kota Batu,Tidak/Belum Tamat SD,10246
Kota Baubau,Tamat PT,11822
Kota Baubau,Tamat SD,15291
Kota Baubau,Tamat SLTA,34615
Kota Baubau,Tamat SLTP,18444
Kota Baubau,Tidak/Belum Tamat SD,6106
Kota Bekasi,Tamat PT,300582
Kota Bekasi,Tamat SD,251538
Kota Bekasi,Tamat SLTA,749181
Kota Bekasi,Tamat SLTP,337452
Kota Bekasi,Tidak/Belum Tamat SD,42885
Kota Bengkulu,Tamat PT,35702
Kota Bengkulu,Tamat SD,30019
Kota Bengkulu,Tamat SLTA,99499
Kota Bengkulu,Tamat SLTP,44363
Kota Bengkulu,Tidak/Belum Tamat SD,8396
Kota Bima,Tamat PT,12530
Kota Bima,Tamat SD,14636
Kota Bima,Tamat SLTA,40955
Kota Bima,Tamat SLTP,18933
Kota Bima,Tidak/Belum Tamat SD,5287
Kota Binjai,Tamat PT,15251
Kota Binjai,Tamat SD,35522
Kota Binjai,Tamat SLTA,74887
Kota Binjai,Tamat SLTP,42422
Kota Binjai,Tidak/Belum Tamat SD,5352
Kota Bitung,Tamat PT,8472
Kota Bitung,Tamat SD,32000
Kota Bitung,Tamat SLTA,45858
Kota Bitung,Tamat SLTP,33057
Kota Bitung,Tidak/Belum Tamat SD,11421
Kota Blitar,Tamat PT,12343
Kota Blitar,Tamat SD,21509
Kota Blitar,Tamat SLTA,34689
Kota Blitar,Tamat SLTP,22398
Kota Blitar,Tidak/Belum Tamat SD,5901
Kota Bogor,Tamat PT,94954
Kota Bogor,Tamat SD,175587
Kota Bogor,Tamat SLTA,234398
Kota Bogor,Tamat SLTP,143490
Kota Bogor,Tidak/Belum Tamat SD,27643
Kota Bontang,Tamat PT,10644
Kota Bontang,Tamat SD,17257
Kota Bontang,Tamat SLTA,42095
Kota Bontang,Tamat SLTP,21019
Kota Bontang,Tidak/Belum Tamat SD,4897
Kota Bukittinggi,Tamat PT,12230
Kota Bukittinggi,Tamat SD,11770
Kota Bukittinggi,Tamat SLTA,34281
Kota Bukittinggi,Tamat SLTP,17384
Kota Bukittinggi,Tidak/Belum Tamat SD,2812
Kota Cilegon,Tamat PT,23146
Kota Cilegon,Tamat SD,59983
Kota Cilegon,Tamat SLTA,96170
Kota Cilegon,Tamat SLTP,64199
Kota Cilegon,Tidak/Belum Tamat SD,11647
Kota Cimahi,Tamat PT,52882
Kota Cimahi,Tamat SD,75367
Kota Cimahi,Tamat SLTA,157684
Kota Cimahi,Tamat SLTP,98839
Kota Cimahi,Tidak/Belum Tamat SD,8977
Kota Cirebon,Tamat PT,26339
Kota Cirebon,Tamat SD,49278
Kota Cirebon,Tamat SLTA,77944
Kota Cirebon,Tamat SLTP,41419
Kota Cirebon,Tidak/Belum Tamat SD,11523
Kota Denpasar,Tamat PT,101580
Kota Denpasar,Tamat SD,95879
Kota Denpasar,Tamat SLTA,249330
Kota Denpasar,Tamat SLTP,110270
Kota Denpasar,Tidak/Belum Tamat SD,17330
Kota Depok,Tamat PT,211959
Kota Depok,Tamat SD,207374
Kota Depok,Tamat SLTA,521883
Kota Depok,Tamat SLTP,263271
Kota Depok,Tidak/Belum Tamat SD,35522
Kota Dumai,Tamat PT,13934
Kota Dumai,Tamat SD,41120
Kota Dumai,Tamat SLTA,61757
Kota Dumai,Tamat SLTP,40077
Kota Dumai,Tidak/Belum Tamat SD,9376
Kota Gorontalo,Tamat PT,14607
Kota Gorontalo,Tamat SD,28022
Kota Gorontalo,Tamat SLTA,48416
Kota Gorontalo,Tamat SLTP,25225
Kota Gorontalo,Tidak/Belum Tamat SD,11052
Kota Gunungsitoli,Tamat PT,6637
Kota Gunungsitoli,Tamat SD,16599
Kota Gunungsitoli,Tamat SLTA,20027
Kota Gunungsitoli,Tamat SLTP,16235
Kota Gunungsitoli,Tidak/Belum Tamat SD,8513
Kota Jambi,Tamat PT,50616
Kota Jambi,Tamat SD,65167
Kota Jambi,Tamat SLTA,165728
Kota Jambi,Tamat SLTP,82206
Kota Jambi,Tidak/Belum Tamat SD,14398
Kota Jayapura,Tamat PT,27683
Kota Jayapura,Tamat SD,22238
Kota Jayapura,Tamat SLTA,85958
Kota Jayapura,Tamat SLTP,34946
Kota Jayapura,Tidak/Belum Tamat SD,6590
Kota Kediri,Tamat PT,24144
Kota Kediri,Tamat SD,44321
Kota Kediri,Tamat SLTA,77292
Kota Kediri,Tamat SLTP,47022
Kota Kediri,Tidak/Belum Tamat SD,6950
Kota Kendari,Tamat PT,33024
Kota Kendari,Tamat SD,25800
Kota Kendari,Tamat SLTA,93863
Kota Kendari,Tamat SLTP,38216
Kota Kendari,Tidak/Belum Tamat SD,6921
Kota Kotamobagu,Tamat PT,6796
Kota Kotamobagu,Tamat SD,19748
Kota Kotamobagu,Tamat SLTA,24096
Kota Kotamobagu,Tamat SLTP,19608
Kota Kotamobagu,Tidak/Belum Tamat SD,6232
Kota Kupang,Tamat PT,33238
Kota Kupang,Tamat SD,39085
Kota Kupang,Tamat SLTA,109768
Kota Kupang,Tamat SLTP,43651
Kota Kupang,Tidak/Belum Tamat SD,8535
Kota Langsa,Tamat PT,11962
Kota Langsa,Tamat SD,20217
Kota Langsa,Tamat SLTA,42587
Kota Langsa,Tamat SLTP,22186
Kota Langsa,Tidak/Belum Tamat SD,3486
Kota Lhokseumawe,Tamat PT,14051
Kota Lhokseumawe,Tamat SD,24295
Kota Lhokseumawe,Tamat SLTA,46640
Kota Lhokseumawe,Tamat SLTP,26034
Kota Lhokseumawe,Tidak/Belum Tamat SD,3372
Kota Lubuklinggau,Tamat PT,12388
Kota Lubuklinggau,Tamat SD,39053
Kota Lubuklinggau,Tamat SLTA,46762
Kota Lubuklinggau,Tamat SLTP,30222
Kota Lubuklinggau,Tidak/Belum Tamat SD,8433
Kota Madiun,Tamat PT,19992
Kota Madiun,Tamat SD,22025
Kota Madiun,Tamat SLTA,55305
Kota Madiun,Tamat SLTP,27307
Kota Madiun,Tidak/Belum Tamat SD,3687
Kota Magelang,Tamat PT,12109
Kota Magelang,Tamat SD,17960
Kota Magelang,Tamat SLTA,36043
Kota Magelang,Tamat SLTP,19747
Kota Magelang,Tidak/Belum Tamat SD,3367
Kota Makassar,Tamat PT,148578
Kota Makassar,Tamat SD,160062
Kota Makassar,Tamat SLTA,418016
Kota Makassar,Tamat SLTP,175058
Kota Makassar,Tidak/Belum Tamat SD,39405
Kota Malang,Tamat PT,101976
Kota Malang,Tamat SD,129272
Kota Malang,Tamat SLTA,245768
Kota Malang,Tamat SLTP,117280
Kota Malang,Tidak/Belum Tamat SD,25780
Kota Manado,Tamat PT,39999
Kota Manado,Tamat SD,46447
Kota Manado,Tamat SLTA,137836
Kota Manado,Tamat SLTP,64951
Kota Manado,Tidak/Belum Tamat SD,13696
Kota Mataram,Tamat PT,36479
Kota Mataram,Tamat SD,52252
Kota Mataram,Tamat SLTA,105636
Kota Mataram,Tamat SLTP,51452
Kota Mataram,Tidak/Belum Tamat SD,15745
Kota Medan,Tamat PT,202536
Kota Medan,Tamat SD,201571
Kota Medan,Tamat SLTA,745711
Kota Medan,Tamat SLTP,331747
Kota Medan,Tidak/Belum Tamat SD,31527
Kota Metro,Tamat PT,13662
Kota Metro,Tamat SD,20095
Kota Metro,Tamat SLTA,41011
Kota Metro,Tamat SLTP,24343
Kota Metro,Tidak/Belum Tamat SD,5320
Kota Mojokerto,Tamat PT,11135
Kota Mojokerto,Tamat SD,17647
Kota Mojokerto,Tamat SLTA,36105
Kota Mojokerto,Tamat SLTP,19108
Kota Mojokerto,Tidak/Belum Tamat SD,3737
Kota Padang,Tamat PT,87104
Kota Padang,Tamat SD,82551
Kota Padang,Tamat SLTA,293039
Kota Padang,Tamat SLTP,114935
Kota Padang,Tidak/Belum Tamat SD,19172
Kota Padang Panjang,Tamat PT,5411
Kota Padang Panjang,Tamat SD,4318
Kota Padang Panjang,Tamat SLTA,12376
Kota Padang Panjang,Tamat SLTP,7615
Kota Padang Panjang,Tidak/Belum Tamat SD,1872
Kota Padangsidimpuan,Tamat PT,13423
Kota Padangsidimpuan,Tamat SD,25590
Kota Padangsidimpuan,Tamat SLTA,52209
Kota Padangsidimpuan,Tamat SLTP,31300
Kota Padangsidimpuan,Tidak/Belum Tamat SD,4996
Kota Pagar Alam,Tamat PT,5763
Kota Pagar Alam,Tamat SD,27629
Kota Pagar Alam,Tamat SLTA,26621
Kota Pagar Alam,Tamat SLTP,20428
Kota Pagar Alam,Tidak/Belum Tamat SD,6379
Kota Palangka Raya,Tamat PT,26287
Kota Palangka Raya,Tamat SD,27665
Kota Palangka Raya,Tamat SLTA,65613
Kota Palangka Raya,Tamat SLTP,33451
Kota Palangka Raya,Tidak/Belum Tamat SD,5564
Kota Palembang,Tamat PT,134799
Kota Palembang,Tamat SD,226717
Kota Palembang,Tamat SLTA,422613
Kota Palembang,Tamat SLTP,213373
Kota Palembang,Tidak/Belum Tamat SD,41097
Kota Palopo,Tamat PT,12103
Kota Palopo,Tamat SD,19737
Kota Palopo,Tamat SLTA,39901
Kota Palopo,Tamat SLTP,22332
Kota Palopo,Tidak/Belum Tamat SD,4578
Kota Palu,Tamat PT,35647
Kota Palu,Tamat SD,38420
Kota Palu,Tamat SLTA,105585
Kota Palu,Tamat SLTP,50460
Kota Palu,Tidak/Belum Tamat SD,7763
Kota Pangkal Pinang,Tamat PT,14674
Kota Pangkal Pinang,Tamat SD,29014
Kota Pangkal Pinang,Tamat SLTA,47739
Kota Pangkal Pinang,Tamat SLTP,25479
Kota Pangkal Pinang,Tidak/Belum Tamat SD,7822
Kota Parepare,Tamat PT,10478
Kota Parepare,Tamat SD,18140
Kota Parepare,Tamat SLTA,33445
Kota Parepare,Tamat SLTP,19930
Kota Parepare,Tidak/Belum Tamat SD,4052
Kota Pariaman,Tamat PT,6895
Kota Pariaman,Tamat SD,11326
Kota Pariaman,Tamat SLTA,17615
Kota Pariaman,Tamat SLTP,12782
Kota Pariaman,Tidak/Belum Tamat SD,4468
Kota Pasuruan,Tamat PT,12839
Kota Pasuruan,Tamat SD,39314
Kota Pasuruan,Tamat SLTA,42217
Kota Pasuruan,Tamat SLTP,26894
Kota Pasuruan,Tidak/Belum Tamat SD,9559
Kota Payakumbuh,Tamat PT,9778
Kota Payakumbuh,Tamat SD,17076
Kota Payakumbuh,Tamat SLTA,28179
Kota Payakumbuh,Tamat SLTP,18210
Kota Payakumbuh,Tidak/Belum Tamat SD,6204
Kota Pekalongan,Tamat PT,14465
Kota Pekalongan,Tamat SD,69062
Kota Pekalongan,Tamat SLTA,52550
Kota Pekalongan,Tamat SLTP,48963
Kota Pekalongan,Tidak/Belum Tamat SD,14231
Kota Pekanbaru,Tamat PT,91918
Kota Pekanbaru,Tamat SD,79221
Kota Pekanbaru,Tamat SLTA,310043
Kota Pekanbaru,Tamat SLTP,132908
Kota Pekanbaru,Tidak/Belum Tamat SD,17471
Kota Pematang Siantar,Tamat PT,19597
Kota Pematang Siantar,Tamat SD,22080
Kota Pematang Siantar,Tamat SLTA,78806
Kota Pematang Siantar,Tamat SLTP,40199
Kota Pematang Siantar,Tidak/Belum Tamat SD,3959
Kota Pontianak,Tamat PT,48247
Kota Pontianak,Tamat SD,78659
Kota Pontianak,Tamat SLTA,156248
Kota Pontianak,Tamat SLTP,77190
Kota Pontianak,Tidak/Belum Tamat SD,22977
Kota Prabumulih,Tamat PT,10376
Kota Prabumulih,Tamat SD,30869
Kota Prabumulih,Tamat SLTA,38647
Kota Prabumulih,Tamat SLTP,22715
Kota Prabumulih,Tidak/Belum Tamat SD,6834
Kota Probolinggo,Tamat PT,13897
Kota Probolinggo,Tamat SD,43550
Kota Probolinggo,Tamat SLTA,46273
Kota Probolinggo,Tamat SLTP,30680
Kota Probolinggo,Tidak/Belum Tamat SD,10387
Kota Sabang,Tamat PT,3190
Kota Sabang,Tamat SD,3576
Kota Sabang,Tamat SLTA,8224
Kota Sabang,Tamat SLTP,4658
Kota Sabang,Tidak/Belum Tamat SD,919
Kota Salatiga,Tamat PT,17961
Kota Salatiga,Tamat SD,26028
Kota Salatiga,Tamat SLTA,48167
Kota Salatiga,Tamat SLTP,27663
Kota Salatiga,Tidak/Belum Tamat SD,6959
Kota Samarinda,Tamat PT,59960
Kota Samarinda,Tamat SD,104882
Kota Samarinda,Tamat SLTA,212702
Kota Samarinda,Tamat SLTP,116932
Kota Samarinda,Tidak/Belum Tamat SD,18615
Kota Sawah Lunto,Tamat PT,4277
Kota Sawah Lunto,Tamat SD,9916
Kota Sawah Lunto,Tamat SLTA,11635
Kota Sawah Lunto,Tamat SLTP,8810
Kota Sawah Lunto,Tidak/Belum Tamat SD,4415
Kota Semarang,Tamat PT,181264
Kota Semarang,Tamat SD,200288
Kota Semarang,Tamat SLTA,471804
Kota Semarang,Tamat SLTP,239655
Kota Semarang,Tidak/Belum Tamat SD,66691
Kota Serang,Tamat PT,30061
Kota Serang,Tamat SD,137677
Kota Serang,Tamat SLTA,106263
Kota Serang,Tamat SLTP,78787
Kota Serang,Tidak/Belum Tamat SD,21126
Kota Sibolga,Tamat PT,4220
Kota Sibolga,Tamat SD,11841
Kota Sibolga,Tamat SLTA,21745
Kota Sibolga,Tamat SLTP,15436
Kota Sibolga,Tidak/Belum Tamat SD,2431
Kota Singkawang,Tamat PT,7687
Kota Singkawang,Tamat SD,35416
Kota Singkawang,Tamat SLTA,30281
Kota Singkawang,Tamat SLTP,24219
Kota Singkawang,Tidak/Belum Tamat SD,15729
Kota Solok,Tamat PT,6146
Kota Solok,Tamat SD,6724
Kota Solok,Tamat SLTA,15031
Kota Solok,Tamat SLTP,9650
Kota Solok,Tidak/Belum Tamat SD,2581
Kota Sorong,Tamat PT,13990
Kota Sorong,Tamat SD,20515
Kota Sorong,Tamat SLTA,56845
Kota Sorong,Tamat SLTP,29884
Kota Sorong,Tidak/Belum Tamat SD,5384
Kota Subulussalam,Tamat PT,2758
Kota Subulussalam,Tamat SD,12919
Kota Subulussalam,Tamat SLTA,7417
Kota Subulussalam,Tamat SLTP,8459
Kota Subulussalam,Tidak/Belum Tamat SD,3813
Kota Sukabumi,Tamat PT,19917
Kota Sukabumi,Tamat SD,67803
Kota Sukabumi,Tamat SLTA,67878
Kota Sukabumi,Tamat SLTP,45926
Kota Sukabumi,Tidak/Belum Tamat SD,9337
Kota Sungai Penuh,Tamat PT,6826
Kota Sungai Penuh,Tamat SD,11146
Kota Sungai Penuh,Tamat SLTA,20261
Kota Sungai Penuh,Tamat SLTP,12885
Kota Sungai Penuh,Tidak/Belum Tamat SD,4277
Kota Surabaya,Tamat PT,278390
Kota Surabaya,Tamat SD,441233
Kota Surabaya,Tamat SLTA,854049
Kota Surabaya,Tamat SLTP,447819
Kota Surabaya,Tidak/Belum Tamat SD,61152
Kota Surakarta,Tamat PT,55321
Kota Surakarta,Tamat SD,71277
Kota Surakarta,Tamat SLTA,156197
Kota Surakarta,Tamat SLTP,82632
Kota Surakarta,Tidak/Belum Tamat SD,13067
Kota Tangerang,Tamat PT,154394
Kota Tangerang,Tamat SD,230216
Kota Tangerang,Tamat SLTA,572246
Kota Tangerang,Tamat SLTP,306294
Kota Tangerang,Tidak/Belum Tamat SD,36671
Kota Tangerang Selatan,Tamat PT,181035
Kota Tangerang Selatan,Tamat SD,157397
Kota Tangerang Selatan,Tamat SLTA,381863
Kota Tangerang Selatan,Tamat SLTP,191021
Kota Tangerang Selatan,Tidak/Belum Tamat SD,23686
Kota Tanjung Balai,Tamat PT,6398
Kota Tanjung Balai,Tamat SD,30179
Kota Tanjung Balai,Tamat SLTA,31568
Kota Tanjung Balai,Tamat SLTP,25689
Kota Tanjung Balai,Tidak/Belum Tamat SD,5679
Kota Tanjung Pinang,Tamat PT,13293
Kota Tanjung Pinang,Tamat SD,28916
Kota Tanjung Pinang,Tamat SLTA,52643
Kota Tanjung Pinang,Tamat SLTP,28797
Kota Tanjung Pinang,Tidak/Belum Tamat SD,6762
Kota Tarakan,Tamat PT,9571
Kota Tarakan,Tamat SD,33925
Kota Tarakan,Tamat SLTA,46799
Kota Tarakan,Tamat SLTP,31700
Kota Tarakan,Tidak/Belum Tamat SD,6615
Kota Tasikmalaya,Tamat PT,32725
Kota Tasikmalaya,Tamat SD,201202
Kota Tasikmalaya,Tamat SLTA,108708
Kota Tasikmalaya,Tamat SLTP,93796
Kota Tasikmalaya,Tidak/Belum Tamat SD,11823
Kota Tebing Tinggi,Tamat PT,8253
Kota Tebing Tinggi,Tamat SD,21682
Kota Tebing Tinggi,Tamat SLTA,41758
Kota Tebing Tinggi,Tamat SLTP,26224
Kota Tebing Tinggi,Tidak/Belum Tamat SD,3095
Kota Tegal,Tamat PT,13174
Kota Tegal,Tamat SD,55684
Kota Tegal,Tamat SLTA,46988
Kota Tegal,Tamat SLTP,38386
Kota Tegal,Tidak/Belum Tamat SD,14204
Kota Ternate,Tamat PT,17532
Kota Ternate,Tamat SD,18073
Kota Ternate,Tamat SLTA,63063
Kota Ternate,Tamat SLTP,26149
Kota Ternate,Tidak/Belum Tamat SD,4668
Kota Tidore Kepulauan,Tamat PT,6200
Kota Tidore Kepulauan,Tamat SD,17957
Kota Tidore Kepulauan,Tamat SLTA,15914
Kota Tidore Kepulauan,Tamat SLTP,13280
Kota Tidore Kepulauan,Tidak/Belum Tamat SD,5178
Kota Tomohon,Tamat PT,6638
Kota Tomohon,Tamat SD,13731
Kota Tomohon,Tamat SLTA,27170
Kota Tomohon,Tamat SLTP,16047
Kota Tomohon,Tidak/Belum Tamat SD,4534
Kota Tual,Tamat PT,3181
Kota Tual,Tamat SD,9793
Kota Tual,Tamat SLTA,12004
Kota Tual,Tamat SLTP,8772
Kota Tual,Tidak/Belum Tamat SD,2022
Kota Yogyakarta,Tamat PT,61111
Kota Yogyakarta,Tamat SD,38015
Kota Yogyakarta,Tamat SLTA,136856
Kota Yogyakarta,Tamat SLTP,55612
Kota Yogyakarta,Tidak/Belum Tamat SD,13503
