Kab. Aceh Barat,elementary,35798
Kab. Aceh Barat,high school,33821
Kab. Aceh Barat,junior high school,27952
Kab. Aceh Barat,less than elementary,6399
Kab. Aceh Barat,university,9984
Kab. Aceh Barat Daya,elementary,29120
Kab. Aceh Barat Daya,high school,17604
Kab. Aceh Barat Daya,junior high school,19079
Kab. Aceh Barat Daya,less than elementary,8463
Kab. Aceh Barat Daya,university,6653
Kab. Aceh Besar,elementary,49817
Kab. Aceh Besar,high school,90811
Kab. Aceh Besar,junior high school,59567
Kab. Aceh Besar,less than elementary,9457
Kab. Aceh Besar,university,28446
Kab. Aceh Jaya,elementary,19535
Kab. Aceh Jaya,high school,10359
Kab. Aceh Jaya,junior high school,13438
Kab. Aceh Jaya,less than elementary,3865
Kab. Aceh Jaya,university,3402
Kab. Aceh Selatan,elementary,44133
Kab. Aceh Selatan,high school,31288
Kab. Aceh Selatan,junior high school,31684
Kab. Aceh Selatan,less than elementary,10696
Kab. Aceh Selatan,university,9880
Kab. Aceh Singkil,elementary,19744
Kab. Aceh Singkil,high school,12597
Kab. Aceh Singkil,junior high school,13317
Kab. Aceh Singkil,less than elementary,7658
Kab. Aceh Singkil,university,4125
Kab. Aceh Tamiang,elementary,57890
Kab. Aceh Tamiang,high school,42746
Kab. Aceh Tamiang,junior high school,39769
Kab. Aceh Tamiang,less than elementary,12669
Kab. Aceh Tamiang,university,8867
Kab. Aceh Tengah,elementary,29434
Kab. Aceh Tengah,high school,37324
Kab. Aceh Tengah,junior high school,29733
Kab. Aceh Tengah,less than elementary,6792
Kab. Aceh Tengah,university,10999
Kab. Aceh Tenggara,elementary,26447
Kab. Aceh Tenggara,high school,36290
Kab. Aceh Tenggara,junior high school,33408
Kab. Aceh Tenggara,less than elementary,5140
Kab. Aceh Tenggara,university,7954
Kab. Aceh Timur,elementary,99061
Kab. Aceh Timur,high school,41588
Kab. Aceh Timur,junior high school,63259
Kab. Aceh Timur,less than elementary,12989
Kab. Aceh Timur,university,8682
Kab. Aceh Utara,elementary,126587
Kab. Aceh Utara,high school,79036
Kab. Aceh Utara,junior high school,94059
Kab. Aceh Utara,less than elementary,21108
Kab. Aceh Utara,university,17260
Kab. Agam,elementary,96418
Kab. Agam,high school,76521
Kab. Agam,junior high school,71403
Kab. Agam,less than elementary,35895
Kab. Agam,university,22609
Kab. Alor,elementary,47797
Kab. Alor,high school,19329
Kab. Alor,junior high school,21466
Kab. Alor,less than elementary,15263
Kab. Alor,university,5913
Kab. Asahan,elementary,157643
Kab. Asahan,high school,116693
Kab. Asahan,junior high school,114548
Kab. Asahan,less than elementary,29108
Kab. Asahan,university,18607
Kab. Asmat,elementary,11529
Kab. Asmat,high school,3390
Kab. Asmat,junior high school,3925
Kab. Asmat,less than elementary,9699
Kab. Asmat,university,1156
Kab. Badung,elementary,84459
Kab. Badung,high school,161860
Kab. Badung,junior high school,69893
Kab. Badung,less than elementary,13167
Kab. Badung,university,47451
Kab. Balangan,elementary,30828
Kab. Balangan,high school,10473
Kab. Balangan,junior high school,15024
Kab. Balangan,less than elementary,11919
Kab. Balangan,university,3513
Kab. Bandung,elementary,844847
Kab. Bandung,high school,532506
Kab. Bandung,junior high school,556021
Kab. Bandung,less than elementary,89820
Kab. Bandung,university,134266
Kab. Bandung Barat,elementary,500453
Kab. Bandung Barat,high school,192280
Kab. Bandung Barat,junior high school,224412
Kab. Bandung Barat,less than elementary,51504
Kab. Bandung Barat,university,49631
Kab. Banggai,elementary,89145
Kab. Banggai,high school,44661
Kab. Banggai,junior high school,45134
Kab. Banggai,less than elementary,20578
Kab. Banggai,university,11849
Kab. Banggai Kepulauan,elementary,55731
Kab. Banggai Kepulauan,high school,16327
Kab. Banggai Kepulauan,junior high school,20135
Kab. Banggai Kepulauan,less than elementary,7413
Kab. Banggai Kepulauan,university,5349
Kab. Bangka,elementary,70754
Kab. Bangka,high school,46996
Kab. Bangka,junior high school,38744
Kab. Bangka,less than elementary,21918
Kab. Bangka,university,9953
Kab. Bangka Barat,elementary,48106
Kab. Bangka Barat,high school,21159
Kab. Bangka Barat,junior high school,20574
Kab. Bangka Barat,less than elementary,13574
Kab. Bangka Barat,university,4667
Kab. Bangka Selatan,elementary,48186
Kab. Bangka Selatan,high school,12744
Kab. Bangka Selatan,junior high school,15865
Kab. Bangka Selatan,less than elementary,26564
Kab. Bangka Selatan,university,3377
Kab. Bangka Tengah,elementary,45057
Kab. Bangka Tengah,high school,19088
Kab. Bangka Tengah,junior high school,19110
Kab. Bangka Tengah,less than elementary,18961
Kab. Bangka Tengah,university,4106
Kab. Bangkalan,elementary,272757
Kab. Bangkalan,high school,60687
Kab. Bangkalan,junior high school,75475
Kab. Bangkalan,less than elementary,46867
Kab. Bangkalan,university,17471
Kab. Bangli,elementary,61399
Kab. Bangli,high school,24696
Kab. Bangli,junior high school,24156
Kab. Bangli,less than elementary,9807
Kab. Bangli,university,6894
Kab. Banjar,elementary,135531
Kab. Banjar,high school,62683
Kab. Banjar,junior high school,74173
Kab. Banjar,less than elementary,48697
Kab. Banjar,university,15570
Kab. Banjarnegara,elementary,302052
Kab. Banjarnegara,high school,64599
Kab. Banjarnegara,junior high school,109697
Kab. Banjarnegara,less than elementary,63276
Kab. Banjarnegara,university,22682
Kab. Bantaeng,elementary,27880
Kab. Bantaeng,high school,14619
Kab. Bantaeng,junior high school,13809
Kab. Bantaeng,less than elementary,12888
Kab. Bantaeng,university,5999
Kab. Bantul,elementary,154729
Kab. Bantul,high school,223031
Kab. Bantul,junior high school,139133
Kab. Bantul,less than elementary,46392
Kab. Bantul,university,72955
Kab. Banyu Asin,elementary,229858
Kab. Banyu Asin,high school,79684
Kab. Banyu Asin,junior high school,92407
Kab. Banyu Asin,less than elementary,62640
Kab. Banyu Asin,university,14432
Kab. Banyumas,elementary,451404
Kab. Banyumas,high school,212469
Kab. Banyumas,junior high school,223023
Kab. Banyumas,less than elementary,126791
Kab. Banyumas,university,61485
Kab. Banyuwangi,elementary,438399
Kab. Banyuwangi,high school,197520
Kab. Banyuwangi,junior high school,252749
Kab. Banyuwangi,less than elementary,100141
Kab. Banyuwangi,university,41648
Kab. Barito Kuala,elementary,69582
Kab. Barito Kuala,high school,29498
Kab. Barito Kuala,junior high school,41440
Kab. Barito Kuala,less than elementary,31975
Kab. Barito Kuala,university,7775
Kab. Barito Selatan,elementary,30721
Kab. Barito Selatan,high school,17806
Kab. Barito Selatan,junior high school,20579
Kab. Barito Selatan,less than elementary,8147
Kab. Barito Selatan,university,5730
Kab. Barito Timur,elementary,21906
Kab. Barito Timur,high school,16613
Kab. Barito Timur,junior high school,16224
Kab. Barito Timur,less than elementary,5724
Kab. Barito Timur,university,5229
Kab. Barito Utara,elementary,28858
Kab. Barito Utara,high school,16948
Kab. Barito Utara,junior high school,19956
Kab. Barito Utara,less than elementary,9244
Kab. Barito Utara,university,5147
Kab. Barru,elementary,41764
Kab. Barru,high school,21556
Kab. Barru,junior high school,20653
Kab. Barru,less than elementary,8342
Kab. Barru,university,8944
Kab. Batang,elementary,233502
Kab. Batang,high school,57057
Kab. Batang,junior high school,104386
Kab. Batang,less than elementary,52781
Kab. Batang,university,17461
Kab. Batang Hari,elementary,58489
Kab. Batang Hari,high school,31076
Kab. Batang Hari,junior high school,36843
Kab. Batang Hari,less than elementary,17594
Kab. Batang Hari,university,8181
Kab. Batu Bara,elementary,86714
Kab. Batu Bara,high school,56129
Kab. Batu Bara,junior high school,60456
Kab. Batu Bara,less than elementary,25032
Kab. Batu Bara,university,8485
Kab. Bekasi,elementary,471368
Kab. Bekasi,high school,680099
Kab. Bekasi,junior high school,375312
Kab. Bekasi,less than elementary,77602
Kab. Bekasi,university,118130
Kab. Belitung,elementary,42006
Kab. Belitung,high school,25853
Kab. Belitung,junior high school,22338
Kab. Belitung,less than elementary,13319
Kab. Belitung,university,5738
Kab. Belitung Timur,elementary,30401
Kab. Belitung Timur,high school,16115
Kab. Belitung Timur,junior high school,15142
Kab. Belitung Timur,less than elementary,9081
Kab. Belitung Timur,university,3759
Kab. Belu,elementary,75978
Kab. Belu,high school,33136
Kab. Belu,junior high school,32893
Kab. Belu,less than elementary,17346
Kab. Belu,university,7920
Kab. Bener Meriah,elementary,22736
Kab. Bener Meriah,high school,23336
Kab. Bener Meriah,junior high school,23746
Kab. Bener Meriah,less than elementary,4297
Kab. Bener Meriah,university,5511
Kab. Bengkalis,elementary,98013
Kab. Bengkalis,high school,104967
Kab. Bengkalis,junior high school,74328
Kab. Bengkalis,less than elementary,18764
Kab. Bengkalis,university,22079
Kab. Bengkayang,elementary,51927
Kab. Bengkayang,high school,20003
Kab. Bengkayang,junior high school,27524
Kab. Bengkayang,less than elementary,22154
Kab. Bengkayang,university,4598
Kab. Bengkulu Selatan,elementary,24492
Kab. Bengkulu Selatan,high school,27768
Kab. Bengkulu Selatan,junior high school,23007
Kab. Bengkulu Selatan,less than elementary,8987
Kab. Bengkulu Selatan,university,8170
Kab. Bengkulu Tengah,elementary,21533
Kab. Bengkulu Tengah,high school,12079
Kab. Bengkulu Tengah,junior high school,14290
Kab. Bengkulu Tengah,less than elementary,9368
Kab. Bengkulu Tengah,university,2254
Kab. Bengkulu Utara,elementary,64060
Kab. Bengkulu Utara,high school,33772
Kab. Bengkulu Utara,junior high school,39137
Kab. Bengkulu Utara,less than elementary,19872
Kab. Bengkulu Utara,university,8157
Kab. Berau,elementary,37232
Kab. Berau,high school,33554
Kab. Berau,junior high school,26686
Kab. Berau,less than elementary,10336
Kab. Berau,university,8279
Kab. Biak Numfor,elementary,20602
Kab. Biak Numfor,high school,27524
Kab. Biak Numfor,junior high school,18423
Kab. Biak Numfor,less than elementary,4919
Kab. Biak Numfor,university,6400
Kab. Bima,elementary,68206
Kab. Bima,high school,72957
Kab. Bima,junior high school,54798
Kab. Bima,less than elementary,21698
Kab. Bima,university,16163
Kab. Bintan,elementary,25268
Kab. Bintan,high school,31814
Kab. Bintan,junior high school,19373
Kab. Bintan,less than elementary,11265
Kab. Bintan,university,5777
Kab. Bireuen,elementary,78680
Kab. Bireuen,high school,76173
Kab. Bireuen,junior high school,79265
Kab. Bireuen,less than elementary,10383
Kab. Bireuen,university,20506
Kab. Blitar,elementary,324235
Kab. Blitar,high school,138213
Kab. Blitar,junior high school,197010
Kab. Blitar,less than elementary,81911
Kab. Blitar,university,33043
Kab. Blora,elementary,271663
Kab. Blora,high school,83920
Kab. Blora,junior high school,117740
Kab. Blora,less than elementary,40997
Kab. Blora,university,22188
Kab. Boalemo,elementary,29047
Kab. Boalemo,high school,9320
Kab. Boalemo,junior high school,11482
Kab. Boalemo,less than elementary,30046
Kab. Boalemo,university,2851
Kab. Bogor,elementary,1235182
Kab. Bogor,high school,758309
Kab. Bogor,junior high school,676279
Kab. Bogor,less than elementary,231534
Kab. Bogor,university,175538
Kab. Bojonegoro,elementary,357278
Kab. Bojonegoro,high school,130161
Kab. Bojonegoro,junior high school,199682
Kab. Bojonegoro,less than elementary,55968
Kab. Bojonegoro,university,30730
Kab. Bolaang Mongondow,elementary,57703
Kab. Bolaang Mongondow,high school,23934
Kab. Bolaang Mongondow,junior high school,34971
Kab. Bolaang Mongondow,less than elementary,22933
Kab. Bolaang Mongondow,university,3600
Kab. Bolaang Mongondow Selatan,elementary,16905
Kab. Bolaang Mongondow Selatan,high school,4604
Kab. Bolaang Mongondow Selatan,junior high school,7772
Kab. Bolaang Mongondow Selatan,less than elementary,6169
Kab. Bolaang Mongondow Selatan,university,984
Kab. Bolaang Mongondow Timur,elementary,17733
Kab. Bolaang Mongondow Timur,high school,6903
Kab. Bolaang Mongondow Timur,junior high school,9601
Kab. Bolaang Mongondow Timur,less than elementary,8524
Kab. Bolaang Mongondow Timur,university,1176
Kab. Bolaang Mongondow Utara,elementary,16970
Kab. Bolaang Mongondow Utara,high school,7548
Kab. Bolaang Mongondow Utara,junior high school,10000
Kab. Bolaang Mongondow Utara,less than elementary,10470
Kab. Bolaang Mongondow Utara,university,2023
Kab. Bombana,elementary,32549
Kab. Bombana,high school,15775
Kab. Bombana,junior high school,15367
Kab. Bombana,less than elementary,11977
Kab. Bombana,university,4398
Kab. Bondowoso,elementary,218861
Kab. Bondowoso,high school,55937
Kab. Bondowoso,junior high school,70301
Kab. Bondowoso,less than elementary,59631
Kab. Bondowoso,university,16491
Kab. Bone,elementary,183121
Kab. Bone,high school,75203
Kab. Bone,junior high school,75921
Kab. Bone,less than elementary,44695
Kab. Bone,university,25658
Kab. Bone Bolango,elementary,32637
Kab. Bone Bolango,high school,18852
Kab. Bone Bolango,junior high school,16589
Kab. Bone Bolango,less than elementary,21182
Kab. Bone Bolango,university,4745
Kab. Boven Digoel,elementary,9559
Kab. Boven Digoel,high school,8837
Kab. Boven Digoel,junior high school,6563
Kab. Boven Digoel,less than elementary,4159
Kab. Boven Digoel,university,1547
Kab. Boyolali,elementary,233077
Kab. Boyolali,high school,139519
Kab. Boyolali,junior high school,153358
Kab. Boyolali,less than elementary,37686
Kab. Boyolali,university,35275
Kab. Brebes,elementary,555482
Kab. Brebes,high school,117113
Kab. Brebes,junior high school,199630
Kab. Brebes,less than elementary,162507
Kab. Brebes,university,33546
Kab. Buleleng,elementary,164025
Kab. Buleleng,high school,89185
Kab. Buleleng,junior high school,75301
Kab. Buleleng,less than elementary,39427
Kab. Buleleng,university,22920
Kab. Bulukumba,elementary,85540
Kab. Bulukumba,high school,50711
Kab. Bulukumba,junior high school,47958
Kab. Bulukumba,less than elementary,21999
Kab. Bulukumba,university,15716
Kab. Bulungan,elementary,21936
Kab. Bulungan,high school,17553
Kab. Bulungan,junior high school,15425
Kab. Bulungan,less than elementary,8833
Kab. Bulungan,university,5275
Kab. Bungo,elementary,72112
Kab. Bungo,high school,44886
Kab. Bungo,junior high school,47930
Kab. Bungo,less than elementary,18928
Kab. Bungo,university,11070
Kab. Buol,elementary,32184
Kab. Buol,high school,14650
Kab. Buol,junior high school,19616
Kab. Buol,less than elementary,8937
Kab. Buol,university,4684
Kab. Buru,elementary,18709
Kab. Buru,high school,14981
Kab. Buru,junior high school,14266
Kab. Buru,less than elementary,6505
Kab. Buru,university,4090
Kab. Buru Selatan,elementary,10253
Kab. Buru Selatan,high school,5475
Kab. Buru Selatan,junior high school,6295
Kab. Buru Selatan,less than elementary,2409
Kab. Buru Selatan,university,1467
Kab. Buton,elementary,45073
Kab. Buton,high school,22433
Kab. Buton,junior high school,29091
Kab. Buton,less than elementary,18678
Kab. Buton,university,6771
Kab. Buton Utara,elementary,10472
Kab. Buton Utara,high school,6119
Kab. Buton Utara,junior high school,7052
Kab. Buton Utara,less than elementary,3457
Kab. Buton Utara,university,2178
Kab. Ciamis,elementary,653621
Kab. Ciamis,high school,131662
Kab. Ciamis,junior high school,224512
Kab. Ciamis,less than elementary,40630
Kab. Ciamis,university,39051
Kab. Cianjur,elementary,931401
Kab. Cianjur,high school,163204
Kab. Cianjur,junior high school,228767
Kab. Cianjur,less than elementary,81039
Kab. Cianjur,university,38745
Kab. Cilacap,elementary,512389
Kab. Cilacap,high school,169880
Kab. Cilacap,junior high school,241148
Kab. Cilacap,less than elementary,121057
Kab. Cilacap,university,43078
Kab. Cirebon,elementary,607497
Kab. Cirebon,high school,243127
Kab. Cirebon,junior high school,285423
Kab. Cirebon,less than elementary,138003
Kab. Cirebon,university,51954
Kab. Dairi,elementary,46171
Kab. Dairi,high school,44250
Kab. Dairi,junior high school,52817
Kab. Dairi,less than elementary,11962
Kab. Dairi,university,8912
Kab. Deiyai,elementary,3154
Kab. Deiyai,high school,3111
Kab. Deiyai,junior high school,3534
Kab. Deiyai,less than elementary,5741
Kab. Deiyai,university,485
Kab. Deli Serdang,elementary,280389
Kab. Deli Serdang,high school,474102
Kab. Deli Serdang,junior high school,330539
Kab. Deli Serdang,less than elementary,46032
Kab. Deli Serdang,university,77876
Kab. Demak,elementary,314010
Kab. Demak,high school,126318
Kab. Demak,junior high school,197650
Kab. Demak,less than elementary,46568
Kab. Demak,university,28855
Kab. Dharmas Raya,elementary,45272
Kab. Dharmas Raya,high school,27121
Kab. Dharmas Raya,junior high school,33107
Kab. Dharmas Raya,less than elementary,12867
Kab. Dharmas Raya,university,7262
Kab. Dogiyai,elementary,5224
Kab. Dogiyai,high school,3613
Kab. Dogiyai,junior high school,5395
Kab. Dogiyai,less than elementary,2518
Kab. Dogiyai,university,734
Kab. Dompu,elementary,27059
Kab. Dompu,high school,32915
Kab. Dompu,junior high school,27365
Kab. Dompu,less than elementary,11075
Kab. Dompu,university,9768
Kab. Donggala,elementary,78966
Kab. Donggala,high school,26070
Kab. Donggala,junior high school,33645
Kab. Donggala,less than elementary,19129
Kab. Donggala,university,5759
Kab. Empat Lawang,elementary,62059
Kab. Empat Lawang,high school,25888
Kab. Empat Lawang,junior high school,37164
Kab. Empat Lawang,less than elementary,15330
Kab. Empat Lawang,university,3627
Kab. Ende,elementary,58413
Kab. Ende,high school,35121
Kab. Ende,junior high school,27165
Kab. Ende,less than elementary,29274
Kab. Ende,university,10279
Kab. Enrekang,elementary,31049
Kab. Enrekang,high school,27645
Kab. Enrekang,junior high school,27833
Kab. Enrekang,less than elementary,10819
Kab. Enrekang,university,10050
Kab. Fakfak,elementary,11542
Kab. Fakfak,high school,12880
Kab. Fakfak,junior high school,10258
Kab. Fakfak,less than elementary,2821
Kab. Fakfak,university,3980
Kab. Flores Timur,elementary,64064
Kab. Flores Timur,high school,22674
Kab. Flores Timur,junior high school,22954
Kab. Flores Timur,less than elementary,17379
Kab. Flores Timur,university,7041
Kab. Garut,elementary,854025
Kab. Garut,high school,228535
Kab. Garut,junior high school,321455
Kab. Garut,less than elementary,102914
Kab. Garut,university,51518
Kab. Gayo Lues,elementary,13397
Kab. Gayo Lues,high school,9628
Kab. Gayo Lues,junior high school,10532
Kab. Gayo Lues,less than elementary,4812
Kab. Gayo Lues,university,3910
Kab. Gianyar,elementary,87188
Kab. Gianyar,high school,116000
Kab. Gianyar,junior high school,62219
Kab. Gianyar,less than elementary,13202
Kab. Gianyar,university,28226
Kab. Gorontalo,elementary,80310
Kab. Gorontalo,high school,37446
Kab. Gorontalo,junior high school,33159
Kab. Gorontalo,less than elementary,70832
Kab. Gorontalo,university,10129
Kab. Gorontalo Utara,elementary,27142
Kab. Gorontalo Utara,high school,7042
Kab. Gorontalo Utara,junior high school,9202
Kab. Gorontalo Utara,less than elementary,20675
Kab. Gorontalo Utara,university,1915
Kab. Gowa,elementary,117181
Kab. Gowa,high school,103260
Kab. Gowa,junior high school,82578
Kab. Gowa,less than elementary,30989
Kab. Gowa,university,28915
Kab. Gresik,elementary,253942
Kab. Gresik,high school,261433
Kab. Gresik,junior high school,211223
Kab. Gresik,less than elementary,39224
Kab. Gresik,university,57079
Kab. Grobogan,elementary,501910
Kab. Grobogan,high school,102402
Kab. Grobogan,junior high school,203231
Kab. Grobogan,less than elementary,49267
Kab. Grobogan,university,26590
Kab. Gunung Kidul,elementary,178868
Kab. Gunung Kidul,high school,76478
Kab. Gunung Kidul,junior high school,114674
Kab. Gunung Kidul,less than elementary,30256
Kab. Gunung Kidul,university,17573
Kab. Gunung Mas,elementary,21736
Kab. Gunung Mas,high school,13531
Kab. Gunung Mas,junior high school,19580
Kab. Gunung Mas,less than elementary,4163
Kab. Gunung Mas,university,4200
Kab. Halmahera Barat,elementary,21946
Kab. Halmahera Barat,high school,13031
Kab. Halmahera Barat,junior high school,14129
Kab. Halmahera Barat,less than elementary,8748
Kab. Halmahera Barat,university,3722
Kab. Halmahera Selatan,elementary,49923
Kab. Halmahera Selatan,high school,20132
Kab. Halmahera Selatan,junior high school,27897
Kab. Halmahera Selatan,less than elementary,12502
Kab. Halmahera Selatan,university,4890
Kab. Halmahera Tengah,elementary,8845
Kab. Halmahera Tengah,high school,4907
Kab. Halmahera Tengah,junior high school,5805
Kab. Halmahera Tengah,less than elementary,3061
Kab. Halmahera Tengah,university,2220
Kab. Halmahera Timur,elementary,16748
Kab. Halmahera Timur,high school,8300
Kab. Halmahera Timur,junior high school,10049
Kab. Halmahera Timur,less than elementary,6361
Kab. Halmahera Timur,university,2429
Kab. Halmahera Utara,elementary,34451
Kab. Halmahera Utara,high school,24060
Kab. Halmahera Utara,junior high school,25086
Kab. Halmahera Utara,less than elementary,11205
Kab. Halmahera Utara,university,4981
Kab. Hulu Sungai Selatan,elementary,63185
Kab. Hulu Sungai Selatan,high school,23846
Kab. Hulu Sungai Selatan,junior high school,26096
Kab. Hulu Sungai Selatan,less than elementary,24011
Kab. Hulu Sungai Selatan,university,8082
Kab. Hulu Sungai Tengah,elementary,71102
Kab. Hulu Sungai Tengah,high school,29338
Kab. Hulu Sungai Tengah,junior high school,35025
Kab. Hulu Sungai Tengah,less than elementary,23133
Kab. Hulu Sungai Tengah,university,8834
Kab. Hulu Sungai Utara,elementary,62116
Kab. Hulu Sungai Utara,high school,19851
Kab. Hulu Sungai Utara,junior high school,27863
Kab. Hulu Sungai Utara,less than elementary,21749
Kab. Hulu Sungai Utara,university,8003
Kab. Humbang Hasundutan,elementary,23700
Kab. Humbang Hasundutan,high school,30650
Kab. Humbang Hasundutan,junior high school,32930
Kab. Humbang Hasundutan,less than elementary,6243
Kab. Humbang Hasundutan,university,5794
Kab. Indragiri Hilir,elementary,210433
Kab. Indragiri Hilir,high school,69176
Kab. Indragiri Hilir,junior high school,95214
Kab. Indragiri Hilir,less than elementary,45528
Kab. Indragiri Hilir,university,14673
Kab. Indragiri Hulu,elementary,88055
Kab. Indragiri Hulu,high school,54202
Kab. Indragiri Hulu,junior high school,57542
Kab. Indragiri Hulu,less than elementary,21699
Kab. Indragiri Hulu,university,11879
Kab. Indramayu,elementary,437316
Kab. Indramayu,high school,142474
Kab. Indramayu,junior high school,221434
Kab. Indramayu,less than elementary,131333
Kab. Indramayu,university,32113
Kab. Intan Jaya,elementary,2241
Kab. Intan Jaya,high school,1175
Kab. Intan Jaya,junior high school,1557
Kab. Intan Jaya,less than elementary,653
Kab. Intan Jaya,university,283
Kab. Jayapura,elementary,14697
Kab. Jayapura,high school,28382
Kab. Jayapura,junior high school,17346
Kab. Jayapura,less than elementary,3951
Kab. Jayapura,university,5907
Kab. Jayawijaya,elementary,15164
Kab. Jayawijaya,high school,20805
Kab. Jayawijaya,junior high school,19032
Kab. Jayawijaya,less than elementary,5946
Kab. Jayawijaya,university,5700
Kab. Jember,elementary,648296
Kab. Jember,high school,243019
Kab. Jember,junior high school,276203
Kab. Jember,less than elementary,159427
Kab. Jember,university,63874
Kab. Jembrana,elementary,77764
Kab. Jembrana,high school,44425
Kab. Jembrana,junior high school,37241
Kab. Jembrana,less than elementary,7925
Kab. Jembrana,university,9409
Kab. Jeneponto,elementary,66046
Kab. Jeneponto,high school,33447
Kab. Jeneponto,junior high school,40761
Kab. Jeneponto,less than elementary,24768
Kab. Jeneponto,university,10897
Kab. Jepara,elementary,328156
Kab. Jepara,high school,120011
Kab. Jepara,junior high school,212754
Kab. Jepara,less than elementary,48726
Kab. Jepara,university,29098
Kab. Jombang,elementary,280754
Kab. Jombang,high school,207092
Kab. Jombang,junior high school,239897
Kab. Jombang,less than elementary,60823
Kab. Jombang,university,41668
Kab. Kaimana,elementary,7945
Kab. Kaimana,high school,7638
Kab. Kaimana,junior high school,7244
Kab. Kaimana,less than elementary,3150
Kab. Kaimana,university,1846
Kab. Kampar,elementary,143553
Kab. Kampar,high school,126209
Kab. Kampar,junior high school,124670
Kab. Kampar,less than elementary,23315
Kab. Kampar,university,26464
Kab. Kapuas,elementary,101157
Kab. Kapuas,high school,34062
Kab. Kapuas,junior high school,48176
Kab. Kapuas,less than elementary,24792
Kab. Kapuas,university,10591
Kab. Kapuas Hulu,elementary,54533
Kab. Kapuas Hulu,high school,23459
Kab. Kapuas Hulu,junior high school,28587
Kab. Kapuas Hulu,less than elementary,20380
Kab. Kapuas Hulu,university,6475
Kab. Karang Asem,elementary,89069
Kab. Karang Asem,high school,37850
Kab. Karang Asem,junior high school,39520
Kab. Karang Asem,less than elementary,20060
Kab. Karang Asem,university,11268
Kab. Karanganyar,elementary,190907
Kab. Karanganyar,high school,133492
Kab. Karanganyar,junior high school,146434
Kab. Karanganyar,less than elementary,23214
Kab. Karanganyar,university,42356
Kab. Karawang,elementary,570519
Kab. Karawang,high school,309715
Kab. Karawang,junior high school,295921
Kab. Karawang,less than elementary,144828
Kab. Karawang,university,51847
Kab. Karimun,elementary,56210
Kab. Karimun,high school,31627
Kab. Karimun,junior high school,28290
Kab. Karimun,less than elementary,14006
Kab. Karimun,university,7404
Kab. Karo,elementary,60508
Kab. Karo,high school,77728
Kab. Karo,junior high school,63613
Kab. Karo,less than elementary,13098
Kab. Karo,university,15747
Kab. Katingan,elementary,40768
Kab. Katingan,high school,17777
Kab. Katingan,junior high school,25512
Kab. Katingan,less than elementary,8368
Kab. Katingan,university,4570
Kab. Kaur,elementary,24796
Kab. Kaur,high school,15540
Kab. Kaur,junior high school,16776
Kab. Kaur,less than elementary,9494
Kab. Kaur,university,3529
Kab. Kayong Utara,elementary,20942
Kab. Kayong Utara,high school,5498
Kab. Kayong Utara,junior high school,8821
Kab. Kayong Utara,less than elementary,13844
Kab. Kayong Utara,university,1789
Kab. Kebumen,elementary,367914
Kab. Kebumen,high school,130542
Kab. Kebumen,junior high school,178161
Kab. Kebumen,less than elementary,62872
Kab. Kebumen,university,30464
Kab. Kediri,elementary,407549
Kab. Kediri,high school,223632
Kab. Kediri,junior high school,273522
Kab. Kediri,less than elementary,80483
Kab. Kediri,university,45890
Kab. Keerom,elementary,8433
Kab. Keerom,high school,8060
Kab. Keerom,junior high school,6256
Kab. Keerom,less than elementary,3422
Kab. Keerom,university,1548
Kab. Kendal,elementary,244575
Kab. Kendal,high school,110158
Kab. Kendal,junior high school,154863
Kab. Kendal,less than elementary,67033
Kab. Kendal,university,26709
Kab. Kepahiang,elementary,30543
Kab. Kepahiang,high school,18700
Kab. Kepahiang,junior high school,19972
Kab. Kepahiang,less than elementary,9736
Kab. Kepahiang,university,4180
Kab. Kepulauan Anambas,elementary,10256
Kab. Kepulauan Anambas,high school,3375
Kab. Kepulauan Anambas,junior high school,3006
Kab. Kepulauan Anambas,less than elementary,3756
Kab. Kepulauan Anambas,university,1309
Kab. Kepulauan Aru,elementary,23101
Kab. Kepulauan Aru,high school,10297
Kab. Kepulauan Aru,junior high school,10228
Kab. Kepulauan Aru,less than elementary,4182
Kab. Kepulauan Aru,university,2654
Kab. Kepulauan Mentawai,elementary,15489
Kab. Kepulauan Mentawai,high school,6014
Kab. Kepulauan Mentawai,junior high school,7008
Kab. Kepulauan Mentawai,less than elementary,10696
Kab. Kepulauan Mentawai,university,1801
Kab. Kepulauan Meranti,elementary,48930
Kab. Kepulauan Meranti,high school,20978
Kab. Kepulauan Meranti,junior high school,23067
Kab. Kepulauan Meranti,less than elementary,10867
Kab. Kepulauan Meranti,university,4951
Kab. Kepulauan Sangihe,elementary,28105
Kab. Kepulauan Sangihe,high school,21059
Kab. Kepulauan Sangihe,junior high school,19343
Kab. Kepulauan Sangihe,less than elementary,17448
Kab. Kepulauan Sangihe,university,4715
Kab. Kepulauan Selayar,elementary,28052
Kab. Kepulauan Selayar,high school,13665
Kab. Kepulauan Selayar,junior high school,12258
Kab. Kepulauan Selayar,less than elementary,11413
Kab. Kepulauan Selayar,university,6211
Kab. Kepulauan Seribu,elementary,5483
Kab. Kepulauan Seribu,high school,2867
Kab. Kepulauan Seribu,junior high school,3165
Kab. Kepulauan Seribu,less than elementary,1522
Kab. Kepulauan Seribu,university,734
Kab. Kepulauan Sula,elementary,32554
Kab. Kepulauan Sula,high school,16444
Kab. Kepulauan Sula,junior high school,17697
Kab. Kepulauan Sula,less than elementary,6063
Kab. Kepulauan Sula,university,3616
Kab. Kepulauan Talaud,elementary,17719
Kab. Kepulauan Talaud,high school,14557
Kab. Kepulauan Talaud,junior high school,14786
Kab. Kepulauan Talaud,less than elementary,4119
Kab. Kepulauan Talaud,university,3928
Kab. Kerinci,elementary,47541
Kab. Kerinci,high school,36954
Kab. Kerinci,junior high school,36825
Kab. Kerinci,less than elementary,19593
Kab. Kerinci,university,10172
Kab. Ketapang,elementary,119174
Kab. Ketapang,high school,42647
Kab. Ketapang,junior high school,52371
Kab. Ketapang,less than elementary,37259
Kab. Ketapang,university,9555
Kab. Klaten,elementary,229822
Kab. Klaten,high school,253932
Kab. Klaten,junior high school,179795
Kab. Klaten,less than elementary,47110
Kab. Klaten,university,61361
Kab. Klungkung,elementary,33289
Kab. Klungkung,high school,29603
Kab. Klungkung,junior high school,19310
Kab. Klungkung,less than elementary,8587
Kab. Klungkung,university,8331
Kab. Kodya Jakarta Barat,elementary,349072
Kab. Kodya Jakarta Barat,high school,666783
Kab. Kodya Jakarta Barat,junior high school,439314
Kab. Kodya Jakarta Barat,less than elementary,54094
Kab. Kodya Jakarta Barat,university,215880
Kab. Kodya Jakarta Pusat,elementary,115685
Kab. Kodya Jakarta Pusat,high school,300343
Kab. Kodya Jakarta Pusat,junior high school,148252
Kab. Kodya Jakarta Pusat,less than elementary,20053
Kab. Kodya Jakarta Pusat,university,108378
Kab. Kodya Jakarta Selatan,elementary,248206
Kab. Kodya Jakarta Selatan,high school,650246
Kab. Kodya Jakarta Selatan,junior high school,304773
Kab. Kodya Jakarta Selatan,less than elementary,41992
Kab. Kodya Jakarta Selatan,university,319595
Kab. Kodya Jakarta Timur,elementary,305190
Kab. Kodya Jakarta Timur,high school,907189
Kab. Kodya Jakarta Timur,junior high school,407343
Kab. Kodya Jakarta Timur,less than elementary,48445
Kab. Kodya Jakarta Timur,university,334993
Kab. Kodya Jakarta Utara,elementary,242683
Kab. Kodya Jakarta Utara,high school,494887
Kab. Kodya Jakarta Utara,junior high school,318837
Kab. Kodya Jakarta Utara,less than elementary,36871
Kab. Kodya Jakarta Utara,university,147324
Kab. Kolaka,elementary,71096
Kab. Kolaka,high school,47352
Kab. Kolaka,junior high school,44257
Kab. Kolaka,less than elementary,16790
Kab. Kolaka,university,12900
Kab. Kolaka Utara,elementary,31137
Kab. Kolaka Utara,high school,13378
Kab. Kolaka Utara,junior high school,16208
Kab. Kolaka Utara,less than elementary,7437
Kab. Kolaka Utara,university,4347
Kab. Konawe,elementary,43330
Kab. Konawe,high school,40662
Kab. Konawe,junior high school,38293
Kab. Konawe,less than elementary,11388
Kab. Konawe,university,11209
Kab. Konawe Selatan,elementary,61003
Kab. Konawe Selatan,high school,32175
Kab. Konawe Selatan,junior high school,39515
Kab. Konawe Selatan,less than elementary,16127
Kab. Konawe Selatan,university,7316
Kab. Konawe Utara,elementary,11456
Kab. Konawe Utara,high school,7436
Kab. Konawe Utara,junior high school,8041
Kab. Konawe Utara,less than elementary,1891
Kab. Konawe Utara,university,1958
Kab. Kotawaringin Barat,elementary,61487
Kab. Kotawaringin Barat,high school,37309
Kab. Kotawaringin Barat,junior high school,36660
Kab. Kotawaringin Barat,less than elementary,12950
Kab. Kotawaringin Barat,university,8666
Kab. Kotawaringin Timur,elementary,105296
Kab. Kotawaringin Timur,high school,52289
Kab. Kotawaringin Timur,junior high school,57862
Kab. Kotawaringin Timur,less than elementary,24491
Kab. Kotawaringin Timur,university,11128
Kab. Kuantan Singingi,elementary,70384
Kab. Kuantan Singingi,high school,44300
Kab. Kuantan Singingi,junior high school,49890
Kab. Kuantan Singingi,less than elementary,16954
Kab. Kuantan Singingi,university,11314
Kab. Kubu Raya,elementary,110194
Kab. Kubu Raya,high school,65166
Kab. Kubu Raya,junior high school,62487
Kab. Kubu Raya,less than elementary,35133
Kab. Kubu Raya,university,12882
Kab. Kudus,elementary,59582
Kab. Kudus,high school,67408
Kab. Kudus,junior high school,57508
Kab. Kudus,less than elementary,7655
Kab. Kudus,university,15939
Kab. Kulon Progo,elementary,82527
Kab. Kulon Progo,high school,84307
Kab. Kulon Progo,junior high school,61322
Kab. Kulon Progo,less than elementary,21817
Kab. Kulon Progo,university,19926
Kab. Kuningan,elementary,407649
Kab. Kuningan,high school,109212
Kab. Kuningan,junior high school,131774
Kab. Kuningan,less than elementary,30945
Kab. Kuningan,university,28734
Kab. Kupang,elementary,75916
Kab. Kupang,high school,30165
Kab. Kupang,junior high school,34094
Kab. Kupang,less than elementary,19916
Kab. Kupang,university,6418
Kab. Kutai Barat,elementary,38889
Kab. Kutai Barat,high school,25615
Kab. Kutai Barat,junior high school,25524
Kab. Kutai Barat,less than elementary,11875
Kab. Kutai Barat,university,5074
Kab. Kutai Kartanegara,elementary,141555
Kab. Kutai Kartanegara,high school,115660
Kab. Kutai Kartanegara,junior high school,97080
Kab. Kutai Kartanegara,less than elementary,38220
Kab. Kutai Kartanegara,university,22249
Kab. Kutai Timur,elementary,56422
Kab. Kutai Timur,high school,53284
Kab. Kutai Timur,junior high school,39212
Kab. Kutai Timur,less than elementary,12124
Kab. Kutai Timur,university,9892
Kab. Labuhan Batu,elementary,91634
Kab. Labuhan Batu,high school,76272
Kab. Labuhan Batu,junior high school,69169
Kab. Labuhan Batu,less than elementary,16116
Kab. Labuhan Batu,university,13376
Kab. Labuhan Batu Selatan,elementary,63468
Kab. Labuhan Batu Selatan,high school,43355
Kab. Labuhan Batu Selatan,junior high school,50091
Kab. Labuhan Batu Selatan,less than elementary,10547
Kab. Labuhan Batu Selatan,university,5838
Kab. Labuhan Batu Utara,elementary,79786
Kab. Labuhan Batu Utara,high school,48900
Kab. Labuhan Batu Utara,junior high school,62717
Kab. Labuhan Batu Utara,less than elementary,12327
Kab. Labuhan Batu Utara,university,6580
Kab. Lahat,elementary,85269
Kab. Lahat,high school,66459
Kab. Lahat,junior high school,59273
Kab. Lahat,less than elementary,23705
Kab. Lahat,university,12941
Kab. Lamandau,elementary,21592
Kab. Lamandau,high school,6192
Kab. Lamandau,junior high school,8654
Kab. Lamandau,less than elementary,3366
Kab. Lamandau,university,2706
Kab. Lamongan,elementary,281228
Kab. Lamongan,high school,180123
Kab. Lamongan,junior high school,224151
Kab. Lamongan,less than elementary,58865
Kab. Lamongan,university,38002
Kab. Lampung Barat,elementary,137215
Kab. Lampung Barat,high school,45800
Kab. Lampung Barat,junior high school,70495
Kab. Lampung Barat,less than elementary,21301
Kab. Lampung Barat,university,8787
Kab. Lampung Selatan,elementary,245919
Kab. Lampung Selatan,high school,114246
Kab. Lampung Selatan,junior high school,157220
Kab. Lampung Selatan,less than elementary,59922
Kab. Lampung Selatan,university,21001
Kab. Lampung Tengah,elementary,324062
Kab. Lampung Tengah,high school,147438
Kab. Lampung Tengah,junior high school,219745
Kab. Lampung Tengah,less than elementary,71653
Kab. Lampung Tengah,university,24942
Kab. Lampung Timur,elementary,254864
Kab. Lampung Timur,high school,119101
Kab. Lampung Timur,junior high school,184019
Kab. Lampung Timur,less than elementary,62952
Kab. Lampung Timur,university,18421
Kab. Lampung Utara,elementary,150901
Kab. Lampung Utara,high school,87266
Kab. Lampung Utara,junior high school,97687
Kab. Lampung Utara,less than elementary,32906
Kab. Lampung Utara,university,17276
Kab. Landak,elementary,75081
Kab. Landak,high school,36557
Kab. Landak,junior high school,49794
Kab. Landak,less than elementary,31111
Kab. Landak,university,6544
Kab. Langkat,elementary,236060
Kab. Langkat,high school,167322
Kab. Langkat,junior high school,166094
Kab. Langkat,less than elementary,50443
Kab. Langkat,university,23171
Kab. Lanny Jaya,elementary,11213
Kab. Lanny Jaya,high school,6232
Kab. Lanny Jaya,junior high school,11512
Kab. Lanny Jaya,less than elementary,2727
Kab. Lanny Jaya,university,402
Kab. Lebak,elementary,435393
Kab. Lebak,high school,74272
Kab. Lebak,junior high school,120766
Kab. Lebak,less than elementary,65426
Kab. Lebak,university,19096
Kab. Lebong,elementary,26015
Kab. Lebong,high school,13870
Kab. Lebong,junior high school,15965
Kab. Lebong,less than elementary,7855
Kab. Lebong,university,3168
Kab. Lembata,elementary,32288
Kab. Lembata,high school,11029
Kab. Lembata,junior high school,10468
Kab. Lembata,less than elementary,8003
Kab. Lembata,university,4343
Kab. Lima Puluh Kota,elementary,79357
Kab. Lima Puluh Kota,high school,47864
Kab. Lima Puluh Kota,junior high school,55425
Kab. Lima Puluh Kota,less than elementary,36712
Kab. Lima Puluh Kota,university,12505
Kab. Lingga,elementary,22201
Kab. Lingga,high school,7242
Kab. Lingga,junior high school,7633
Kab. Lingga,less than elementary,10204
Kab. Lingga,university,3242
Kab. Lombok Barat,elementary,107741
Kab. Lombok Barat,high school,65988
Kab. Lombok Barat,junior high school,72229
Kab. Lombok Barat,less than elementary,38813
Kab. Lombok Barat,university,17850
Kab. Lombok Tengah,elementary,152408
Kab. Lombok Tengah,high school,85250
Kab. Lombok Tengah,junior high school,113286
Kab. Lombok Tengah,less than elementary,36344
Kab. Lombok Tengah,university,24314
Kab. Lombok Timur,elementary,229799
Kab. Lombok Timur,high school,113671
Kab. Lombok Timur,junior high school,142634
Kab. Lombok Timur,less than elementary,70628
Kab. Lombok Timur,university,31979
Kab. Lombok Utara,elementary,39453
Kab. Lombok Utara,high school,16669
Kab. Lombok Utara,junior high school,21469
Kab. Lombok Utara,less than elementary,12210
Kab. Lombok Utara,university,3935
Kab. Lumajang,elementary,331299
Kab. Lumajang,high school,84297
Kab. Lumajang,junior high school,117371
Kab. Lumajang,less than elementary,66717
Kab. Lumajang,university,24221
Kab. Luwu,elementary,63863
Kab. Luwu,high school,50868
Kab. Luwu,junior high school,51515
Kab. Luwu,less than elementary,15663
Kab. Luwu,university,12290
Kab. Luwu Timur,elementary,54545
Kab. Luwu Timur,high school,36376
Kab. Luwu Timur,junior high school,33681
Kab. Luwu Timur,less than elementary,14063
Kab. Luwu Timur,university,11356
Kab. Luwu Utara,elementary,57970
Kab. Luwu Utara,high school,21031
Kab. Luwu Utara,junior high school,28206
Kab. Luwu Utara,less than elementary,13436
Kab. Luwu Utara,university,6792
Kab. Madiun,elementary,163516
Kab. Madiun,high school,104634
Kab. Madiun,junior high school,105237
Kab. Madiun,less than elementary,45139
Kab. Madiun,university,21331
Kab. Magelang,elementary,349561
Kab. Magelang,high school,160345
Kab. Magelang,junior high school,190897
Kab. Magelang,less than elementary,69564
Kab. Magelang,university,38243
Kab. Magetan,elementary,177182
Kab. Magetan,high school,104937
Kab. Magetan,junior high school,99535
Kab. Magetan,less than elementary,31430
Kab. Magetan,university,26006
Kab. Majalengka,elementary,450110
Kab. Majalengka,high school,97255
Kab. Majalengka,junior high school,153068
Kab. Majalengka,less than elementary,55037
Kab. Majalengka,university,29646
Kab. Majene,elementary,31247
Kab. Majene,high school,18594
Kab. Majene,junior high school,17670
Kab. Majene,less than elementary,10036
Kab. Majene,university,8147
Kab. Malang,elementary,765262
Kab. Malang,high school,299928
Kab. Malang,junior high school,377739
Kab. Malang,less than elementary,137225
Kab. Malang,university,76932
Kab. Malinau,elementary,10175
Kab. Malinau,high school,10471
Kab. Malinau,junior high school,8156
Kab. Malinau,less than elementary,4775
Kab. Malinau,university,3505
Kab. Maluku Barat Daya,elementary,21530
Kab. Maluku Barat Daya,high school,7670
Kab. Maluku Barat Daya,junior high school,9269
Kab. Maluku Barat Daya,less than elementary,2160
Kab. Maluku Barat Daya,university,2048
Kab. Maluku Tengah,elementary,72524
Kab. Maluku Tengah,high school,74378
Kab. Maluku Tengah,junior high school,51584
Kab. Maluku Tengah,less than elementary,12979
Kab. Maluku Tengah,university,15191
Kab. Maluku Tenggara,elementary,19894
Kab. Maluku Tenggara,high school,15755
Kab. Maluku Tenggara,junior high school,13923
Kab. Maluku Tenggara,less than elementary,5170
Kab. Maluku Tenggara,university,3750
Kab. Maluku Tenggara Barat,elementary,23333
Kab. Maluku Tenggara Barat,high school,16777
Kab. Maluku Tenggara Barat,junior high school,16504
Kab. Maluku Tenggara Barat,less than elementary,3382
Kab. Maluku Tenggara Barat,university,4013
Kab. Mamasa,elementary,27437
Kab. Mamasa,high school,15406
Kab. Mamasa,junior high school,16033
Kab. Mamasa,less than elementary,8382
Kab. Mamasa,university,5113
Kab. Mamberamo Raya,elementary,2489
Kab. Mamberamo Raya,high school,1070
Kab. Mamberamo Raya,junior high school,1070
Kab. Mamberamo Raya,less than elementary,1724
Kab. Mamberamo Raya,university,316
Kab. Mamberamo Tengah,elementary,3746
Kab. Mamberamo Tengah,high school,1742
Kab. Mamberamo Tengah,junior high school,3051
Kab. Mamberamo Tengah,less than elementary,731
Kab. Mamberamo Tengah,university,135
Kab. Mamuju,elementary,73771
Kab. Mamuju,high school,35748
Kab. Mamuju,junior high school,38092
Kab. Mamuju,less than elementary,26954
Kab. Mamuju,university,13038
Kab. Mamuju Utara,elementary,36455
Kab. Mamuju Utara,high school,12878
Kab. Mamuju Utara,junior high school,16303
Kab. Mamuju Utara,less than elementary,9568
Kab. Mamuju Utara,university,3837
Kab. Mandailing Natal,elementary,110154
Kab. Mandailing Natal,high school,50111
Kab. Mandailing Natal,junior high school,61903
Kab. Mandailing Natal,less than elementary,18140
Kab. Mandailing Natal,university,10708
Kab. Manggarai,elementary,75468
Kab. Manggarai,high school,23886
Kab. Manggarai,junior high school,25180
Kab. Manggarai,less than elementary,22451
Kab. Manggarai,university,8653
Kab. Manggarai Barat,elementary,70183
Kab. Manggarai Barat,high school,14219
Kab. Manggarai Barat,junior high school,16145
Kab. Manggarai Barat,less than elementary,12439
Kab. Manggarai Barat,university,5836
Kab. Manggarai Timur,elementary,90937
Kab. Manggarai Timur,high school,11417
Kab. Manggarai Timur,junior high school,18134
Kab. Manggarai Timur,less than elementary,10709
Kab. Manggarai Timur,university,4652
Kab. Manokwari,elementary,26339
Kab. Manokwari,high school,37364
Kab. Manokwari,junior high school,25460
Kab. Manokwari,less than elementary,8084
Kab. Manokwari,university,11408
Kab. Mappi,elementary,19301
Kab. Mappi,high school,4454
Kab. Mappi,junior high school,5297
Kab. Mappi,less than elementary,9358
Kab. Mappi,university,1227
Kab. Maros,elementary,60759
Kab. Maros,high school,50458
Kab. Maros,junior high school,36083
Kab. Maros,less than elementary,19266
Kab. Maros,university,13377
Kab. Maybrat,elementary,4224
Kab. Maybrat,high school,5381
Kab. Maybrat,junior high school,5590
Kab. Maybrat,less than elementary,1272
Kab. Maybrat,university,3482
Kab. Melawi,elementary,44725
Kab. Melawi,high school,16593
Kab. Melawi,junior high school,22315
Kab. Melawi,less than elementary,13569
Kab. Melawi,university,4683
Kab. Merangin,elementary,91521
Kab. Merangin,high school,40509
Kab. Merangin,junior high school,48746
Kab. Merangin,less than elementary,20181
Kab. Merangin,university,10279
Kab. Merauke,elementary,42231
Kab. Merauke,high school,32355
Kab. Merauke,junior high school,25686
Kab. Merauke,less than elementary,12949
Kab. Merauke,university,8537
Kab. Mesuji,elementary,67864
Kab. Mesuji,high school,10993
Kab. Mesuji,junior high school,27816
Kab. Mesuji,less than elementary,14337
Kab. Mesuji,university,2188
Kab. Mimika,elementary,24098
Kab. Mimika,high school,47268
Kab. Mimika,junior high school,23714
Kab. Mimika,less than elementary,6787
Kab. Mimika,university,10815
Kab. Minahasa,elementary,56787
Kab. Minahasa,high school,82236
Kab. Minahasa,junior high school,51972
Kab. Minahasa,less than elementary,22835
Kab. Minahasa,university,16550
Kab. Minahasa Selatan,elementary,45294
Kab. Minahasa Selatan,high school,39028
Kab. Minahasa Selatan,junior high school,36940
Kab. Minahasa Selatan,less than elementary,12131
Kab. Minahasa Selatan,university,6475
Kab. Minahasa Tenggara,elementary,25771
Kab. Minahasa Tenggara,high school,16360
Kab. Minahasa Tenggara,junior high school,17740
Kab. Minahasa Tenggara,less than elementary,6343
Kab. Minahasa Tenggara,university,3219
Kab. Minahasa Utara,elementary,36319
Kab. Minahasa Utara,high school,46859
Kab. Minahasa Utara,junior high school,31776
Kab. Minahasa Utara,less than elementary,10450
Kab. Minahasa Utara,university,9436
Kab. Mojokerto,elementary,241672
Kab. Mojokerto,high school,190355
Kab. Mojokerto,junior high school,198203
Kab. Mojokerto,less than elementary,56699
Kab. Mojokerto,university,32367
Kab. Morowali,elementary,55226
Kab. Morowali,high school,27532
Kab. Morowali,junior high school,30149
Kab. Morowali,less than elementary,8645
Kab. Morowali,university,7145
Kab. Muara Enim,elementary,194979
Kab. Muara Enim,high school,95848
Kab. Muara Enim,junior high school,94875
Kab. Muara Enim,less than elementary,59246
Kab. Muara Enim,university,17855
Kab. Muaro Jambi,elementary,86594
Kab. Muaro Jambi,high school,51583
Kab. Muaro Jambi,junior high school,58759
Kab. Muaro Jambi,less than elementary,18699
Kab. Muaro Jambi,university,8856
Kab. Mukomuko,elementary,41251
Kab. Mukomuko,high school,17477
Kab. Mukomuko,junior high school,23849
Kab. Mukomuko,less than elementary,9136
Kab. Mukomuko,university,5273
Kab. Muna,elementary,40241
Kab. Muna,high school,34235
Kab. Muna,junior high school,32888
Kab. Muna,less than elementary,22189
Kab. Muna,university,12743
Kab. Murung Raya,elementary,27842
Kab. Murung Raya,high school,8785
Kab. Murung Raya,junior high school,12520
Kab. Murung Raya,less than elementary,8361
Kab. Murung Raya,university,3277
Kab. Musi Banyuasin,elementary,181094
Kab. Musi Banyuasin,high school,60869
Kab. Musi Banyuasin,junior high school,79630
Kab. Musi Banyuasin,less than elementary,36226
Kab. Musi Banyuasin,university,9958
Kab. Musi Rawas,elementary,163634
Kab. Musi Rawas,high school,49671
Kab. Musi Rawas,junior high school,73573
Kab. Musi Rawas,less than elementary,45326
Kab. Musi Rawas,university,7849
Kab. Nabire,elementary,18370
Kab. Nabire,high school,26446
Kab. Nabire,junior high school,19959
Kab. Nabire,less than elementary,5224
Kab. Nabire,university,6829
Kab. Nagan Raya,elementary,29305
Kab. Nagan Raya,high school,20420
Kab. Nagan Raya,junior high school,24068
Kab. Nagan Raya,less than elementary,6748
Kab. Nagan Raya,university,6088
Kab. Nagekeo,elementary,39526
Kab. Nagekeo,high school,11719
Kab. Nagekeo,junior high school,12540
Kab. Nagekeo,less than elementary,9946
Kab. Nagekeo,university,4342
Kab. Natuna,elementary,17758
Kab. Natuna,high school,9619
Kab. Natuna,junior high school,8446
Kab. Natuna,less than elementary,5270
Kab. Natuna,university,3535
Kab. Nduga,elementary,1800
Kab. Nduga,high school,280
Kab. Nduga,junior high school,713
Kab. Nduga,less than elementary,650
Kab. Nduga,university,25
Kab. Ngada,elementary,47283
Kab. Ngada,high school,12657
Kab. Ngada,junior high school,12665
Kab. Ngada,less than elementary,7981
Kab. Ngada,university,5296
Kab. Nganjuk,elementary,292052
Kab. Nganjuk,high school,144116
Kab. Nganjuk,junior high school,175438
Kab. Nganjuk,less than elementary,56718
Kab. Nganjuk,university,31554
Kab. Ngawi,elementary,235464
Kab. Ngawi,high school,98232
Kab. Ngawi,junior high school,133631
Kab. Ngawi,less than elementary,37097
Kab. Ngawi,university,22510
Kab. Nias,elementary,19934
Kab. Nias,high school,7009
Kab. Nias,junior high school,10342
Kab. Nias,less than elementary,14082
Kab. Nias,university,1359
Kab. Nias Barat,elementary,10171
Kab. Nias Barat,high school,6342
Kab. Nias Barat,junior high school,8694
Kab. Nias Barat,less than elementary,5596
Kab. Nias Barat,university,1548
Kab. Nias Selatan,elementary,32423
Kab. Nias Selatan,high school,16999
Kab. Nias Selatan,junior high school,22739
Kab. Nias Selatan,less than elementary,19386
Kab. Nias Selatan,university,3793
Kab. Nias Utara,elementary,21270
Kab. Nias Utara,high school,8647
Kab. Nias Utara,junior high school,12584
Kab. Nias Utara,less than elementary,12413
Kab. Nias Utara,university,1702
Kab. Nunukan,elementary,32023
Kab. Nunukan,high school,17915
Kab. Nunukan,junior high school,19036
Kab. Nunukan,less than elementary,10837
Kab. Nunukan,university,5158
Kab. Ogan Ilir,elementary,127522
Kab. Ogan Ilir,high school,48030
Kab. Ogan Ilir,junior high school,52428
Kab. Ogan Ilir,less than elementary,19218
Kab. Ogan Ilir,university,9156
Kab. Ogan Komering Ilir,elementary,234615
Kab. Ogan Komering Ilir,high school,64410
Kab. Ogan Komering Ilir,junior high school,100767
Kab. Ogan Komering Ilir,less than elementary,65475
Kab. Ogan Komering Ilir,university,11638
Kab. Ogan Komering Ulu,elementary,79773
Kab. Ogan Komering Ulu,high school,58263
Kab. Ogan Komering Ulu,junior high school,50374
Kab. Ogan Komering Ulu,less than elementary,18886
Kab. Ogan Komering Ulu,university,12351
Kab. Ogan Komering Ulu Selatan,elementary,107741
Kab. Ogan Komering Ulu Selatan,high school,32728
Kab. Ogan Komering Ulu Selatan,junior high school,52892
Kab. Ogan Komering Ulu Selatan,less than elementary,14962
Kab. Ogan Komering Ulu Selatan,university,5634
Kab. Ogan Komering Ulu Timur,elementary,174343
Kab. Ogan Komering Ulu Timur,high school,71203
Kab. Ogan Komering Ulu Timur,junior high school,104909
Kab. Ogan Komering Ulu Timur,less than elementary,41736
Kab. Ogan Komering Ulu Timur,university,13684
Kab. Pacitan,elementary,185759
Kab. Pacitan,high school,53770
Kab. Pacitan,junior high school,88326
Kab. Pacitan,less than elementary,21773
Kab. Pacitan,university,16405
Kab. Padang Lawas,elementary,53013
Kab. Padang Lawas,high school,30496
Kab. Padang Lawas,junior high school,37009
Kab. Padang Lawas,less than elementary,8099
Kab. Padang Lawas,university,5045
Kab. Padang Lawas Utara,elementary,47851
Kab. Padang Lawas Utara,high school,32482
Kab. Padang Lawas Utara,junior high school,39600
Kab. Padang Lawas Utara,less than elementary,7722
Kab. Padang Lawas Utara,university,4689
Kab. Padang Pariaman,elementary,82204
Kab. Padang Pariaman,high school,54012
Kab. Padang Pariaman,junior high school,58307
Kab. Padang Pariaman,less than elementary,35272
Kab. Padang Pariaman,university,12616
Kab. Pakpak Bharat,elementary,7780
Kab. Pakpak Bharat,high school,5551
Kab. Pakpak Bharat,junior high school,6598
Kab. Pakpak Bharat,less than elementary,1920
Kab. Pakpak Bharat,university,1611
Kab. Pamekasan,elementary,214223
Kab. Pamekasan,high school,78979
Kab. Pamekasan,junior high school,96446
Kab. Pamekasan,less than elementary,40962
Kab. Pamekasan,university,21302
Kab. Pandeglang,elementary,383103
Kab. Pandeglang,high school,85477
Kab. Pandeglang,junior high school,137407
Kab. Pandeglang,less than elementary,69570
Kab. Pandeglang,university,23132
Kab. Pangkajene Dan Kepulauan,elementary,74290
Kab. Pangkajene Dan Kepulauan,high school,33906
Kab. Pangkajene Dan Kepulauan,junior high school,27740
Kab. Pangkajene Dan Kepulauan,less than elementary,18642
Kab. Pangkajene Dan Kepulauan,university,11120
Kab. Paniai,elementary,6923
Kab. Paniai,high school,9239
Kab. Paniai,junior high school,10419
Kab. Paniai,less than elementary,8633
Kab. Paniai,university,1882
Kab. Parigi Moutong,elementary,108138
Kab. Parigi Moutong,high school,38453
Kab. Parigi Moutong,junior high school,49154
Kab. Parigi Moutong,less than elementary,41716
Kab. Parigi Moutong,university,8865
Kab. Pasaman,elementary,61463
Kab. Pasaman,high school,27625
Kab. Pasaman,junior high school,37781
Kab. Pasaman,less than elementary,22805
Kab. Pasaman,university,8549
Kab. Pasaman Barat,elementary,82294
Kab. Pasaman Barat,high school,46752
Kab. Pasaman Barat,junior high school,57826
Kab. Pasaman Barat,less than elementary,26094
Kab. Pasaman Barat,university,12028
Kab. Pasir,elementary,54455
Kab. Pasir,high school,36760
Kab. Pasir,junior high school,32316
Kab. Pasir,less than elementary,16653
Kab. Pasir,university,8907
Kab. Pasuruan,elementary,473817
Kab. Pasuruan,high school,186956
Kab. Pasuruan,junior high school,207463
Kab. Pasuruan,less than elementary,100356
Kab. Pasuruan,university,32766
Kab. Pati,elementary,332441
Kab. Pati,high school,151946
Kab. Pati,junior high school,203175
Kab. Pati,less than elementary,73285
Kab. Pati,university,34118
Kab. Pegunungan Bintang,elementary,5302
Kab. Pegunungan Bintang,high school,2491
Kab. Pegunungan Bintang,junior high school,2628
Kab. Pegunungan Bintang,less than elementary,4102
Kab. Pegunungan Bintang,university,939
Kab. Pekalongan,elementary,264337
Kab. Pekalongan,high school,71725
Kab. Pekalongan,junior high school,119771
Kab. Pekalongan,less than elementary,61242
Kab. Pekalongan,university,20439
Kab. Pelalawan,elementary,66222
Kab. Pelalawan,high school,48905
Kab. Pelalawan,junior high school,45622
Kab. Pelalawan,less than elementary,16942
Kab. Pelalawan,university,11304
Kab. Pemalang,elementary,323704
Kab. Pemalang,high school,87048
Kab. Pemalang,junior high school,133333
Kab. Pemalang,less than elementary,64836
Kab. Pemalang,university,23373
Kab. Penajam Paser Utara,elementary,34290
Kab. Penajam Paser Utara,high school,21001
Kab. Penajam Paser Utara,junior high school,21158
Kab. Penajam Paser Utara,less than elementary,11290
Kab. Penajam Paser Utara,university,4694
Kab. Pesawaran,elementary,111598
Kab. Pesawaran,high school,48481
Kab. Pesawaran,junior high school,73585
Kab. Pesawaran,less than elementary,25857
Kab. Pesawaran,university,7417
Kab. Pesisir Selatan,elementary,86793
Kab. Pesisir Selatan,high school,66441
Kab. Pesisir Selatan,junior high school,70110
Kab. Pesisir Selatan,less than elementary,35166
Kab. Pesisir Selatan,university,13928
Kab. Pidie,elementary,67054
Kab. Pidie,high school,69124
Kab. Pidie,junior high school,70809
Kab. Pidie,less than elementary,15617
Kab. Pidie,university,20608
Kab. Pidie Jaya,elementary,23540
Kab. Pidie Jaya,high school,23199
Kab. Pidie Jaya,junior high school,27955
Kab. Pidie Jaya,less than elementary,4161
Kab. Pidie Jaya,university,6669
Kab. Pinrang,elementary,86787
Kab. Pinrang,high school,44958
Kab. Pinrang,junior high school,48197
Kab. Pinrang,less than elementary,18983
Kab. Pinrang,university,13880
Kab. Pohuwato,elementary,29879
Kab. Pohuwato,high school,10664
Kab. Pohuwato,junior high school,12886
Kab. Pohuwato,less than elementary,24856
Kab. Pohuwato,university,3173
Kab. Polewali Mandar,elementary,85832
Kab. Polewali Mandar,high school,42264
Kab. Polewali Mandar,junior high school,42900
Kab. Polewali Mandar,less than elementary,33180
Kab. Polewali Mandar,university,13850
Kab. Ponorogo,elementary,226907
Kab. Ponorogo,high school,113654
Kab. Ponorogo,junior high school,137934
Kab. Ponorogo,less than elementary,51029
Kab. Ponorogo,university,28241
Kab. Pontianak,elementary,54146
Kab. Pontianak,high school,27508
Kab. Pontianak,junior high school,30216
Kab. Pontianak,less than elementary,19761
Kab. Pontianak,university,5472
Kab. Poso,elementary,50368
Kab. Poso,high school,37609
Kab. Poso,junior high school,34620
Kab. Poso,less than elementary,8713
Kab. Poso,university,9381
Kab. Pringsewu,elementary,94101
Kab. Pringsewu,high school,51163
Kab. Pringsewu,junior high school,67571
Kab. Pringsewu,less than elementary,22601
Kab. Pringsewu,university,12033
Kab. Probolinggo,elementary,322343
Kab. Probolinggo,high school,81440
Kab. Probolinggo,junior high school,119091
Kab. Probolinggo,less than elementary,88695
Kab. Probolinggo,university,22576
Kab. Pulang Pisau,elementary,32752
Kab. Pulang Pisau,high school,13774
Kab. Pulang Pisau,junior high school,19179
Kab. Pulang Pisau,less than elementary,9546
Kab. Pulang Pisau,university,4067
Kab. Pulau Morotai,elementary,12763
Kab. Pulau Morotai,high school,4794
Kab. Pulau Morotai,junior high school,5861
Kab. Pulau Morotai,less than elementary,5305
Kab. Pulau Morotai,university,1293
Kab. Puncak,elementary,3384
Kab. Puncak,high school,1962
Kab. Puncak,junior high school,3300
Kab. Puncak,less than elementary,2380
Kab. Puncak,university,295
Kab. Puncak Jaya,elementary,6093
Kab. Puncak Jaya,high school,4323
Kab. Puncak Jaya,junior high school,6162
Kab. Puncak Jaya,less than elementary,2994
Kab. Puncak Jaya,university,1057
Kab. Purbalingga,elementary,263884
Kab. Purbalingga,high school,77281
Kab. Purbalingga,junior high school,124999
Kab. Purbalingga,less than elementary,73946
Kab. Purbalingga,university,22782
Kab. Purwakarta,elementary,245628
Kab. Purwakarta,high school,131347
Kab. Purwakarta,junior high school,121574
Kab. Purwakarta,less than elementary,43386
Kab. Purwakarta,university,27245
Kab. Purworejo,elementary,194850
Kab. Purworejo,high school,108063
Kab. Purworejo,junior high school,122791
Kab. Purworejo,less than elementary,30175
Kab. Purworejo,university,23464
Kab. Raja Ampat,elementary,10323
Kab. Raja Ampat,high school,5120
Kab. Raja Ampat,junior high school,5820
Kab. Raja Ampat,less than elementary,2803
Kab. Raja Ampat,university,1445
Kab. Rejang Lebong,elementary,60111
Kab. Rejang Lebong,high school,39575
Kab. Rejang Lebong,junior high school,38060
Kab. Rejang Lebong,less than elementary,17730
Kab. Rejang Lebong,university,9842
Kab. Rembang,elementary,196296
Kab. Rembang,high school,54346
Kab. Rembang,junior high school,108295
Kab. Rembang,less than elementary,34544
Kab. Rembang,university,15477
Kab. Rokan Hilir,elementary,141716
Kab. Rokan Hilir,high school,72887
Kab. Rokan Hilir,junior high school,93549
Kab. Rokan Hilir,less than elementary,23540
Kab. Rokan Hilir,university,11780
Kab. Rokan Hulu,elementary,116121
Kab. Rokan Hulu,high school,62890
Kab. Rokan Hulu,junior high school,78910
Kab. Rokan Hulu,less than elementary,26353
Kab. Rokan Hulu,university,11929
Kab. Rote Ndao,elementary,33547
Kab. Rote Ndao,high school,11043
Kab. Rote Ndao,junior high school,10387
Kab. Rote Ndao,less than elementary,8299
Kab. Rote Ndao,university,3211
Kab. Sabu Raijua,elementary,18301
Kab. Sabu Raijua,high school,4152
Kab. Sabu Raijua,junior high school,5209
Kab. Sabu Raijua,less than elementary,4748
Kab. Sabu Raijua,university,1202
Kab. Sambas,elementary,128907
Kab. Sambas,high school,40902
Kab. Sambas,junior high school,55760
Kab. Sambas,less than elementary,63527
Kab. Sambas,university,9344
Kab. Samosir,elementary,17000
Kab. Samosir,high school,22703
Kab. Samosir,junior high school,21029
Kab. Samosir,less than elementary,5985
Kab. Samosir,university,4926
Kab. Sampang,elementary,13745
Kab. Sampang,high school,1386
Kab. Sampang,junior high school,3685
Kab. Sampang,less than elementary,6412
Kab. Sampang,university,352
Kab. Sanggau,elementary,98583
Kab. Sanggau,high school,45682
Kab. Sanggau,junior high school,51737
Kab. Sanggau,less than elementary,45013
Kab. Sanggau,university,9010
Kab. Sarmi,elementary,4988
Kab. Sarmi,high school,4571
Kab. Sarmi,junior high school,3986
Kab. Sarmi,less than elementary,1691
Kab. Sarmi,university,968
Kab. Sarolangun,elementary,64025
Kab. Sarolangun,high school,29234
Kab. Sarolangun,junior high school,35477
Kab. Sarolangun,less than elementary,16052
Kab. Sarolangun,university,8430
Kab. Sekadau,elementary,46377
Kab. Sekadau,high school,15901
Kab. Sekadau,junior high school,21972
Kab. Sekadau,less than elementary,20469
Kab. Sekadau,university,3153
Kab. Seluma,elementary,42654
Kab. Seluma,high school,23480
Kab. Seluma,junior high school,27935
Kab. Seluma,less than elementary,12596
Kab. Seluma,university,4003
Kab. Semarang,elementary,241546
Kab. Semarang,high school,152217
Kab. Semarang,junior high school,162725
Kab. Semarang,less than elementary,53882
Kab. Semarang,university,36785
Kab. Seram Bagian Barat,elementary,32611
Kab. Seram Bagian Barat,high school,23259
Kab. Seram Bagian Barat,junior high school,21144
Kab. Seram Bagian Barat,less than elementary,8892
Kab. Seram Bagian Barat,university,5797
Kab. Seram Bagian Timur,elementary,22030
Kab. Seram Bagian Timur,high school,11435
Kab. Seram Bagian Timur,junior high school,12120
Kab. Seram Bagian Timur,less than elementary,6659
Kab. Seram Bagian Timur,university,3289
Kab. Serang,elementary,403489
Kab. Serang,high school,174074
Kab. Serang,junior high school,227980
Kab. Serang,less than elementary,54939
Kab. Serang,university,26235
Kab. Serdang Bedagai,elementary,141474
Kab. Serdang Bedagai,high school,104344
Kab. Serdang Bedagai,junior high school,109128
Kab. Serdang Bedagai,less than elementary,25519
Kab. Serdang Bedagai,university,12799
Kab. Seruyan,elementary,45539
Kab. Seruyan,high school,15445
Kab. Seruyan,junior high school,20584
Kab. Seruyan,less than elementary,8678
Kab. Seruyan,university,3910
Kab. Siak,elementary,69198
Kab. Siak,high school,76898
Kab. Siak,junior high school,63505
Kab. Siak,less than elementary,13099
Kab. Siak,university,14002
Kab. Siau Tagulandang Biaro,elementary,15312
Kab. Siau Tagulandang Biaro,high school,11454
Kab. Siau Tagulandang Biaro,junior high school,12290
Kab. Siau Tagulandang Biaro,less than elementary,5818
Kab. Siau Tagulandang Biaro,university,2422
Kab. Sidenreng Rappang,elementary,63540
Kab. Sidenreng Rappang,high school,35125
Kab. Sidenreng Rappang,junior high school,40285
Kab. Sidenreng Rappang,less than elementary,18750
Kab. Sidenreng Rappang,university,10876
Kab. Sidoarjo,elementary,298979
Kab. Sidoarjo,high school,580171
Kab. Sidoarjo,junior high school,336405
Kab. Sidoarjo,less than elementary,44574
Kab. Sidoarjo,university,155934
Kab. Sigi,elementary,60072
Kab. Sigi,high school,30017
Kab. Sigi,junior high school,30862
Kab. Sigi,less than elementary,9246
Kab. Sigi,university,7188
Kab. Sijunjung,elementary,43605
Kab. Sijunjung,high school,24298
Kab. Sijunjung,junior high school,27839
Kab. Sijunjung,less than elementary,22285
Kab. Sijunjung,university,7681
Kab. Sikka,elementary,62233
Kab. Sikka,high school,29047
Kab. Sikka,junior high school,25150
Kab. Sikka,less than elementary,56026
Kab. Sikka,university,9153
Kab. Simalungun,elementary,154652
Kab. Simalungun,high school,177706
Kab. Simalungun,junior high school,153585
Kab. Simalungun,less than elementary,32269
Kab. Simalungun,university,23742
Kab. Simeulue,elementary,20090
Kab. Simeulue,high school,11393
Kab. Simeulue,junior high school,12833
Kab. Simeulue,less than elementary,3180
Kab. Simeulue,university,3820
Kab. Sinjai,elementary,53311
Kab. Sinjai,high school,24200
Kab. Sinjai,junior high school,26778
Kab. Sinjai,less than elementary,13449
Kab. Sinjai,university,9994
Kab. Sintang,elementary,84582
Kab. Sintang,high school,35074
Kab. Sintang,junior high school,41321
Kab. Sintang,less than elementary,39457
Kab. Sintang,university,8276
Kab. Situbondo,elementary,165695
Kab. Situbondo,high school,69154
Kab. Situbondo,junior high school,73078
Kab. Situbondo,less than elementary,46366
Kab. Situbondo,university,20385
Kab. Sleman,elementary,125066
Kab. Sleman,high school,355485
Kab. Sleman,junior high school,145743
Kab. Sleman,less than elementary,37286
Kab. Sleman,university,137157
Kab. Solok,elementary,80461
Kab. Solok,high school,41644
Kab. Solok,junior high school,50273
Kab. Solok,less than elementary,38834
Kab. Solok,university,12509
Kab. Solok Selatan,elementary,31883
Kab. Solok Selatan,high school,19454
Kab. Solok Selatan,junior high school,22873
Kab. Solok Selatan,less than elementary,12367
Kab. Solok Selatan,university,5672
Kab. Soppeng,elementary,55629
Kab. Soppeng,high school,29304
Kab. Soppeng,junior high school,28801
Kab. Soppeng,less than elementary,15065
Kab. Soppeng,university,11065
Kab. Sorong,elementary,12250
Kab. Sorong,high school,11137
Kab. Sorong,junior high school,10432
Kab. Sorong,less than elementary,5416
Kab. Sorong,university,2391
Kab. Sorong Selatan,elementary,7469
Kab. Sorong Selatan,high school,3969
Kab. Sorong Selatan,junior high school,4128
Kab. Sorong Selatan,less than elementary,2798
Kab. Sorong Selatan,university,1738
Kab. Sragen,elementary,203093
Kab. Sragen,high school,123064
Kab. Sragen,junior high school,144873
Kab. Sragen,less than elementary,32928
Kab. Sragen,university,30536
Kab. Subang,elementary,442826
Kab. Subang,high school,160762
Kab. Subang,junior high school,211153
Kab. Subang,less than elementary,94832
Kab. Subang,university,33795
Kab. Sukabumi,elementary,890743
Kab. Sukabumi,high school,197428
Kab. Sukabumi,junior high school,291784
Kab. Sukabumi,less than elementary,121816
Kab. Sukabumi,university,41020
Kab. Sukamara,elementary,13247
Kab. Sukamara,high school,4891
Kab. Sukamara,junior high school,5947
Kab. Sukamara,less than elementary,3418
Kab. Sukamara,university,2112
Kab. Sukoharjo,elementary,160680
Kab. Sukoharjo,high school,187725
Kab. Sukoharjo,junior high school,138933
Kab. Sukoharjo,less than elementary,25442
Kab. Sukoharjo,university,56242
Kab. Sumba Barat,elementary,19255
Kab. Sumba Barat,high school,10086
Kab. Sumba Barat,junior high school,10292
Kab. Sumba Barat,less than elementary,9313
Kab. Sumba Barat,university,3267
Kab. Sumba Barat Daya,elementary,41504
Kab. Sumba Barat Daya,high school,15628
Kab. Sumba Barat Daya,junior high school,25250
Kab. Sumba Barat Daya,less than elementary,23163
Kab. Sumba Barat Daya,university,3470
Kab. Sumba Tengah,elementary,11631
Kab. Sumba Tengah,high school,4009
Kab. Sumba Tengah,junior high school,4625
Kab. Sumba Tengah,less than elementary,6524
Kab. Sumba Tengah,university,1485
Kab. Sumba Timur,elementary,42101
Kab. Sumba Timur,high school,22791
Kab. Sumba Timur,junior high school,19344
Kab. Sumba Timur,less than elementary,31451
Kab. Sumba Timur,university,6179
Kab. Sumbawa,elementary,107694
Kab. Sumbawa,high school,56040
Kab. Sumbawa,junior high school,55484
Kab. Sumbawa,less than elementary,24486
Kab. Sumbawa,university,15368
Kab. Sumbawa Barat,elementary,27841
Kab. Sumbawa Barat,high school,18291
Kab. Sumbawa Barat,junior high school,13615
Kab. Sumbawa Barat,less than elementary,5436
Kab. Sumbawa Barat,university,5585
Kab. Sumedang,elementary,390403
Kab. Sumedang,high school,157178
Kab. Sumedang,junior high school,171287
Kab. Sumedang,less than elementary,31204
Kab. Sumedang,university,36362
Kab. Sumenep,elementary,268394
Kab. Sumenep,high school,80133
Kab. Sumenep,junior high school,114737
Kab. Sumenep,less than elementary,67148
Kab. Sumenep,university,21719
Kab. Supiori,elementary,2891
Kab. Supiori,high school,1925
Kab. Supiori,junior high school,1884
Kab. Supiori,less than elementary,1620
Kab. Supiori,university,417
Kab. Tabalong,elementary,55204
Kab. Tabalong,high school,34363
Kab. Tabalong,junior high school,36305
Kab. Tabalong,less than elementary,13559
Kab. Tabalong,university,9910
Kab. Tabanan,elementary,109823
Kab. Tabanan,high school,90622
Kab. Tabanan,junior high school,55620
Kab. Tabanan,less than elementary,16774
Kab. Tabanan,university,22995
Kab. Takalar,elementary,52475
Kab. Takalar,high school,35801
Kab. Takalar,junior high school,35045
Kab. Takalar,less than elementary,21708
Kab. Takalar,university,9101
Kab. Tambrauw,elementary,799
Kab. Tambrauw,high school,384
Kab. Tambrauw,junior high school,434
Kab. Tambrauw,less than elementary,755
Kab. Tambrauw,university,77
Kab. Tana Tidung,elementary,3014
Kab. Tana Tidung,high school,2709
Kab. Tana Tidung,junior high school,1672
Kab. Tana Tidung,less than elementary,946
Kab. Tana Tidung,university,1133
Kab. Tana Toraja,elementary,31801
Kab. Tana Toraja,high school,35544
Kab. Tana Toraja,junior high school,30061
Kab. Tana Toraja,less than elementary,10628
Kab. Tana Toraja,university,9379
Kab. Tanah Bumbu,elementary,66256
Kab. Tanah Bumbu,high school,35766
Kab. Tanah Bumbu,junior high school,41463
Kab. Tanah Bumbu,less than elementary,22244
Kab. Tanah Bumbu,university,7973
Kab. Tanah Datar,elementary,71558
Kab. Tanah Datar,high school,55095
Kab. Tanah Datar,junior high school,55753
Kab. Tanah Datar,less than elementary,31724
Kab. Tanah Datar,university,15694
Kab. Tanah Laut,elementary,82942
Kab. Tanah Laut,high school,31640
Kab. Tanah Laut,junior high school,44001
Kab. Tanah Laut,less than elementary,30100
Kab. Tanah Laut,university,8387
Kab. Tangerang,elementary,615120
Kab. Tangerang,high school,565867
Kab. Tangerang,junior high school,499892
Kab. Tangerang,less than elementary,112896
Kab. Tangerang,university,97791
Kab. Tanggamus,elementary,152011
Kab. Tanggamus,high school,57231
Kab. Tanggamus,junior high school,88716
Kab. Tanggamus,less than elementary,46683
Kab. Tanggamus,university,9879
Kab. Tanjung Jabung Barat,elementary,72765
Kab. Tanjung Jabung Barat,high school,35061
Kab. Tanjung Jabung Barat,junior high school,42514
Kab. Tanjung Jabung Barat,less than elementary,22287
Kab. Tanjung Jabung Barat,university,7602
Kab. Tanjung Jabung Timur,elementary,60206
Kab. Tanjung Jabung Timur,high school,17168
Kab. Tanjung Jabung Timur,junior high school,26758
Kab. Tanjung Jabung Timur,less than elementary,20812
Kab. Tanjung Jabung Timur,university,4589
Kab. Tapanuli Selatan,elementary,62663
Kab. Tapanuli Selatan,high school,37876
Kab. Tapanuli Selatan,junior high school,44909
Kab. Tapanuli Selatan,less than elementary,12197
Kab. Tapanuli Selatan,university,5477
Kab. Tapanuli Tengah,elementary,57653
Kab. Tapanuli Tengah,high school,43330
Kab. Tapanuli Tengah,junior high school,49815
Kab. Tapanuli Tengah,less than elementary,22124
Kab. Tapanuli Tengah,university,8667
Kab. Tapanuli Utara,elementary,39667
Kab. Tapanuli Utara,high school,54623
Kab. Tapanuli Utara,junior high school,54318
Kab. Tapanuli Utara,less than elementary,11819
Kab. Tapanuli Utara,university,10135
Kab. Tapin,elementary,51928
Kab. Tapin,high school,18429
Kab. Tapin,junior high school,24225
Kab. Tapin,less than elementary,13683
Kab. Tapin,university,5755
Kab. Tasikmalaya,elementary,743084
Kab. Tasikmalaya,high school,104545
Kab. Tasikmalaya,junior high school,207927
Kab. Tasikmalaya,less than elementary,56298
Kab. Tasikmalaya,university,30408
Kab. Tebo,elementary,84035
Kab. Tebo,high school,32626
Kab. Tebo,junior high school,47666
Kab. Tebo,less than elementary,21038
Kab. Tebo,university,7217
Kab. Tegal,elementary,387194
Kab. Tegal,high school,135651
Kab. Tegal,junior high school,189477
Kab. Tegal,less than elementary,111017
Kab. Tegal,university,36144
Kab. Teluk Bintuni,elementary,9298
Kab. Teluk Bintuni,high school,8685
Kab. Teluk Bintuni,junior high school,7477
Kab. Teluk Bintuni,less than elementary,3241
Kab. Teluk Bintuni,university,2330
Kab. Teluk Wondama,elementary,5189
Kab. Teluk Wondama,high school,3524
Kab. Teluk Wondama,junior high school,3109
Kab. Teluk Wondama,less than elementary,1763
Kab. Teluk Wondama,university,1247
Kab. Temanggung,elementary,233557
Kab. Temanggung,high school,64577
Kab. Temanggung,junior high school,102560
Kab. Temanggung,less than elementary,63031
Kab. Temanggung,university,19504
Kab. Timor Tengah Selatan,elementary,105678
Kab. Timor Tengah Selatan,high school,33768
Kab. Timor Tengah Selatan,junior high school,40498
Kab. Timor Tengah Selatan,less than elementary,17829
Kab. Timor Tengah Selatan,university,8198
Kab. Timor Tengah Utara,elementary,65664
Kab. Timor Tengah Utara,high school,20782
Kab. Timor Tengah Utara,junior high school,20484
Kab. Timor Tengah Utara,less than elementary,7176
Kab. Timor Tengah Utara,university,7091
Kab. Toba Samosir,elementary,20182
Kab. Toba Samosir,high school,42029
Kab. Toba Samosir,junior high school,32034
Kab. Toba Samosir,less than elementary,5096
Kab. Toba Samosir,university,8779
Kab. Tojo Unauna,elementary,38683
Kab. Tojo Unauna,high school,13738
Kab. Tojo Unauna,junior high school,16369
Kab. Tojo Unauna,less than elementary,12332
Kab. Tojo Unauna,university,4996
Kab. Tolikara,elementary,6329
Kab. Tolikara,high school,4966
Kab. Tolikara,junior high school,6184
Kab. Tolikara,less than elementary,2904
Kab. Tolikara,university,577
Kab. Tolitoli,elementary,53464
Kab. Tolitoli,high school,25872
Kab. Tolitoli,junior high school,28828
Kab. Tolitoli,less than elementary,16910
Kab. Tolitoli,university,7736
Kab. Toraja Utara,elementary,16958
Kab. Toraja Utara,high school,23946
Kab. Toraja Utara,junior high school,19532
Kab. Toraja Utara,less than elementary,5553
Kab. Toraja Utara,university,7257
Kab. Trenggalek,elementary,231922
Kab. Trenggalek,high school,72238
Kab. Trenggalek,junior high school,117645
Kab. Trenggalek,less than elementary,36316
Kab. Trenggalek,university,19718
Kab. Tuban,elementary,343377
Kab. Tuban,high school,111835
Kab. Tuban,junior high school,166813
Kab. Tuban,less than elementary,47361
Kab. Tuban,university,27236
Kab. Tulangbawang,elementary,107483
Kab. Tulangbawang,high school,52759
Kab. Tulangbawang,junior high school,67297
Kab. Tulangbawang,less than elementary,26398
Kab. Tulangbawang,university,7380
Kab. Tulangbawang Barat,elementary,77678
Kab. Tulangbawang Barat,high school,25895
Kab. Tulangbawang Barat,junior high school,43146
Kab. Tulangbawang Barat,less than elementary,16112
Kab. Tulangbawang Barat,university,4718
Kab. Tulungagung,elementary,290007
Kab. Tulungagung,high school,148199
Kab. Tulungagung,junior high school,176196
Kab. Tulungagung,less than elementary,49270
Kab. Tulungagung,university,34659
Kab. Wajo,elementary,123141
Kab. Wajo,high school,33062
Kab. Wajo,junior high school,39204
Kab. Wajo,less than elementary,29081
Kab. Wajo,university,13025
Kab. Wakatobi,elementary,16369
Kab. Wakatobi,high school,10837
Kab. Wakatobi,junior high school,12520
Kab. Wakatobi,less than elementary,7189
Kab. Wakatobi,university,3748
Kab. Waropen,elementary,5019
Kab. Waropen,high school,3497
Kab. Waropen,junior high school,2948
Kab. Waropen,less than elementary,1944
Kab. Waropen,university,1020
Kab. Way Kanan,elementary,132990
Kab. Way Kanan,high school,36510
Kab. Way Kanan,junior high school,68614
Kab. Way Kanan,less than elementary,25302
Kab. Way Kanan,university,7036
Kab. Wonogiri,elementary,294379
Kab. Wonogiri,high school,98833
Kab. Wonogiri,junior high school,143113
Kab. Wonogiri,less than elementary,42075
Kab. Wonogiri,university,25263
Kab. Wonosobo,elementary,273801
Kab. Wonosobo,high school,49686
Kab. Wonosobo,junior high school,82766
Kab. Wonosobo,less than elementary,65834
Kab. Wonosobo,university,17976
Kab. Yahukimo,elementary,13155
Kab. Yahukimo,high school,3979
Kab. Yahukimo,junior high school,6139
Kab. Yahukimo,less than elementary,4293
Kab. Yahukimo,university,1064
Kab. Yalimo,elementary,3695
Kab. Yalimo,high school,2556
Kab. Yalimo,junior high school,3086
Kab. Yalimo,less than elementary,1606
Kab. Yalimo,university,679
Kab. Yapen Waropen,elementary,12354
Kab. Yapen Waropen,high school,14611
Kab. Yapen Waropen,junior high school,11958
Kab. Yapen Waropen,less than elementary,3756
Kab. Yapen Waropen,university,4187
Kota Ambon,elementary,30603
Kota Ambon,high school,120722
Kota Ambon,junior high school,42187
Kota Ambon,less than elementary,5105
Kota Ambon,university,33257
Kota Balikpapan,elementary,74880
Kota Balikpapan,high school,170705
Kota Balikpapan,junior high school,84393
Kota Balikpapan,less than elementary,14010
Kota Balikpapan,university,47093
Kota Banda Aceh,elementary,11694
Kota Banda Aceh,high school,89661
Kota Banda Aceh,junior high school,25613
Kota Banda Aceh,less than elementary,2455
Kota Banda Aceh,university,37789
Kota Bandar Lampung,elementary,124333
Kota Bandar Lampung,high school,255481
Kota Bandar Lampung,junior high school,136368
Kota Bandar Lampung,less than elementary,28259
Kota Bandar Lampung,university,86205
Kota Bandung,elementary,364665
Kota Bandung,high school,698897
Kota Bandung,junior high school,386111
Kota Bandung,less than elementary,39258
Kota Bandung,university,296728
Kota Banjar,elementary,53982
Kota Banjar,high school,25028
Kota Banjar,junior high school,27987
Kota Banjar,less than elementary,7804
Kota Banjar,university,6936
Kota Banjar Baru,elementary,30585
Kota Banjar Baru,high school,53411
Kota Banjar Baru,junior high school,31041
Kota Banjar Baru,less than elementary,7765
Kota Banjar Baru,university,19036
Kota Banjarmasin,elementary,110148
Kota Banjarmasin,high school,163768
Kota Banjarmasin,junior high school,101550
Kota Banjarmasin,less than elementary,25593
Kota Banjarmasin,university,46384
Kota Baru,elementary,79131
Kota Baru,high school,30715
Kota Baru,junior high school,36580
Kota Baru,less than elementary,26262
Kota Baru,university,8600
Kota Batam,elementary,82264
Kota Batam,high school,381604
Kota Batam,junior high school,116926
Kota Batam,less than elementary,20991
Kota Batam,university,59692
Kota Batu,elementary,48462
Kota Batu,high school,35458
Kota Batu,junior high school,31891
Kota Batu,less than elementary,10246
Kota Batu,university,11395
Kota Baubau,elementary,15291
Kota Baubau,high school,34615
Kota Baubau,junior high school,18444
Kota Baubau,less than elementary,6106
Kota Baubau,university,11822
Kota Bekasi,elementary,251538
Kota Bekasi,high school,749181
Kota Bekasi,junior high school,337452
Kota Bekasi,less than elementary,42885
Kota Bekasi,university,300582
Kota Bengkulu,elementary,30019
Kota Bengkulu,high school,99499
Kota Bengkulu,junior high school,44363
Kota Bengkulu,less than elementary,8396
Kota Bengkulu,university,35702
Kota Bima,elementary,14636
Kota Bima,high school,40955
Kota Bima,junior high school,18933
Kota Bima,less than elementary,5287
Kota Bima,university,12530
Kota Binjai,elementary,35522
Kota Binjai,high school,74887
Kota Binjai,junior high school,42422
Kota Binjai,less than elementary,5352
Kota Binjai,university,15251
Kota Bitung,elementary,32000
Kota Bitung,high school,45858
Kota Bitung,junior high school,33057
Kota Bitung,less than elementary,11421
Kota Bitung,university,8472
Kota Blitar,elementary,21509
Kota Blitar,high school,34689
Kota Blitar,junior high school,22398
Kota Blitar,less than elementary,5901
Kota Blitar,university,12343
Kota Bogor,elementary,175587
Kota Bogor,high school,234398
Kota Bogor,junior high school,143490
Kota Bogor,less than elementary,27643
Kota Bogor,university,94954
Kota Bontang,elementary,17257
Kota Bontang,high school,42095
Kota Bontang,junior high school,21019
Kota Bontang,less than elementary,4897
Kota Bontang,university,10644
Kota Bukittinggi,elementary,11770
Kota Bukittinggi,high school,34281
Kota Bukittinggi,junior high school,17384
Kota Bukittinggi,less than elementary,2812
Kota Bukittinggi,university,12230
Kota Cilegon,elementary,59983
Kota Cilegon,high school,96170
Kota Cilegon,junior high school,64199
Kota Cilegon,less than elementary,11647
Kota Cilegon,university,23146
Kota Cimahi,elementary,75367
Kota Cimahi,high school,157684
Kota Cimahi,junior high school,98839
Kota Cimahi,less than elementary,8977
Kota Cimahi,university,52882
Kota Cirebon,elementary,49278
Kota Cirebon,high school,77944
Kota Cirebon,junior high school,41419
Kota Cirebon,less than elementary,11523
Kota Cirebon,university,26339
Kota Denpasar,elementary,95879
Kota Denpasar,high school,249330
Kota Denpasar,junior high school,110270
Kota Denpasar,less than elementary,17330
Kota Denpasar,university,101580
Kota Depok,elementary,207374
Kota Depok,high school,521883
Kota Depok,junior high school,263271
Kota Depok,less than elementary,35522
Kota Depok,university,211959
Kota Dumai,elementary,41120
Kota Dumai,high school,61757
Kota Dumai,junior high school,40077
Kota Dumai,less than elementary,9376
Kota Dumai,university,13934
Kota Gorontalo,elementary,28022
Kota Gorontalo,high school,48416
Kota Gorontalo,junior high school,25225
Kota Gorontalo,less than elementary,11052
Kota Gorontalo,university,14607
Kota Gunungsitoli,elementary,16599
Kota Gunungsitoli,high school,20027
Kota Gunungsitoli,junior high school,16235
Kota Gunungsitoli,less than elementary,8513
Kota Gunungsitoli,university,6637
Kota Jambi,elementary,65167
Kota Jambi,high school,165728
Kota Jambi,junior high school,82206
Kota Jambi,less than elementary,14398
Kota Jambi,university,50616
Kota Jayapura,elementary,22238
Kota Jayapura,high school,85958
Kota Jayapura,junior high school,34946
Kota Jayapura,less than elementary,6590
Kota Jayapura,university,27683
Kota Kediri,elementary,44321
Kota Kediri,high school,77292
Kota Kediri,junior high school,47022
Kota Kediri,less than elementary,6950
Kota Kediri,university,24144
Kota Kendari,elementary,25800
Kota Kendari,high school,93863
Kota Kendari,junior high school,38216
Kota Kendari,less than elementary,6921
Kota Kendari,university,33024
Kota Kotamobagu,elementary,19748
Kota Kotamobagu,high school,24096
Kota Kotamobagu,junior high school,19608
Kota Kotamobagu,less than elementary,6232
Kota Kotamobagu,university,6796
Kota Kupang,elementary,39085
Kota Kupang,high school,109768
Kota Kupang,junior high school,43651
Kota Kupang,less than elementary,8535
Kota Kupang,university,33238
Kota Langsa,elementary,20217
Kota Langsa,high school,42587
Kota Langsa,junior high school,22186
Kota Langsa,less than elementary,3486
Kota Langsa,university,11962
Kota Lhokseumawe,elementary,24295
Kota Lhokseumawe,high school,46640
Kota Lhokseumawe,junior high school,26034
Kota Lhokseumawe,less than elementary,3372
Kota Lhokseumawe,university,14051
Kota Lubuklinggau,elementary,39053
Kota Lubuklinggau,high school,46762
Kota Lubuklinggau,junior high school,30222
Kota Lubuklinggau,less than elementary,8433
Kota Lubuklinggau,university,12388
Kota Madiun,elementary,22025
Kota Madiun,high school,55305
Kota Madiun,junior high school,27307
Kota Madiun,less than elementary,3687
Kota Madiun,university,19992
Kota Magelang,elementary,17960
Kota Magelang,high school,36043
Kota Magelang,junior high school,19747
Kota Magelang,less than elementary,3367
Kota Magelang,university,12109
Kota Makassar,elementary,160062
Kota Makassar,high school,418016
Kota Makassar,junior high school,175058
Kota Makassar,less than elementary,39405
Kota Makassar,university,148578
Kota Malang,elementary,129272
Kota Malang,high school,245768
Kota Malang,junior high school,117280
Kota Malang,less than elementary,25780
Kota Malang,university,101976
Kota Manado,elementary,46447
Kota Manado,high school,137836
Kota Manado,junior high school,64951
Kota Manado,less than elementary,13696
Kota Manado,university,39999
Kota Mataram,elementary,52252
Kota Mataram,high school,105636
Kota Mataram,junior high school,51452
Kota Mataram,less than elementary,15745
Kota Mataram,university,36479
Kota Medan,elementary,201571
Kota Medan,high school,745711
Kota Medan,junior high school,331747
Kota Medan,less than elementary,31527
Kota Medan,university,202536
Kota Metro,elementary,20095
Kota Metro,high school,41011
Kota Metro,junior high school,24343
Kota Metro,less than elementary,5320
Kota Metro,university,13662
Kota Mojokerto,elementary,17647
Kota Mojokerto,high school,36105
Kota Mojokerto,junior high school,19108
Kota Mojokerto,less than elementary,3737
Kota Mojokerto,university,11135
Kota Padang,elementary,82551
Kota Padang,high school,293039
Kota Padang,junior high school,114935
Kota Padang,less than elementary,19172
Kota Padang,university,87104
Kota Padang Panjang,elementary,4318
Kota Padang Panjang,high school,12376
Kota Padang Panjang,junior high school,7615
Kota Padang Panjang,less than elementary,1872
Kota Padang Panjang,university,5411
Kota Padangsidimpuan,elementary,25590
Kota Padangsidimpuan,high school,52209
Kota Padangsidimpuan,junior high school,31300
Kota Padangsidimpuan,less than elementary,4996
Kota Padangsidimpuan,university,13423
Kota Pagar Alam,elementary,27629
Kota Pagar Alam,high school,26621
Kota Pagar Alam,junior high school,20428
Kota Pagar Alam,less than elementary,6379
Kota Pagar Alam,university,5763
Kota Palangka Raya,elementary,27665
Kota Palangka Raya,high school,65613
Kota Palangka Raya,junior high school,33451
Kota Palangka Raya,less than elementary,5564
Kota Palangka Raya,university,26287
Kota Palembang,elementary,226717
Kota Palembang,high school,422613
Kota Palembang,junior high school,213373
Kota Palembang,less than elementary,41097
Kota Palembang,university,134799
Kota Palopo,elementary,19737
Kota Palopo,high school,39901
Kota Palopo,junior high school,22332
Kota Palopo,less than elementary,4578
Kota Palopo,university,12103
Kota Palu,elementary,38420
Kota Palu,high school,105585
Kota Palu,junior high school,50460
Kota Palu,less than elementary,7763
Kota Palu,university,35647
Kota Pangkal Pinang,elementary,29014
Kota Pangkal Pinang,high school,47739
Kota Pangkal Pinang,junior high school,25479
Kota Pangkal Pinang,less than elementary,7822
Kota Pangkal Pinang,university,14674
Kota Parepare,elementary,18140
Kota Parepare,high school,33445
Kota Parepare,junior high school,19930
Kota Parepare,less than elementary,4052
Kota Parepare,university,10478
Kota Pariaman,elementary,11326
Kota Pariaman,high school,17615
Kota Pariaman,junior high school,12782
Kota Pariaman,less than elementary,4468
Kota Pariaman,university,6895
Kota Pasuruan,elementary,39314
Kota Pasuruan,high school,42217
Kota Pasuruan,junior high school,26894
Kota Pasuruan,less than elementary,9559
Kota Pasuruan,university,12839
Kota Payakumbuh,elementary,17076
Kota Payakumbuh,high school,28179
Kota Payakumbuh,junior high school,18210
Kota Payakumbuh,less than elementary,6204
Kota Payakumbuh,university,9778
Kota Pekalongan,elementary,69062
Kota Pekalongan,high school,52550
Kota Pekalongan,junior high school,48963
Kota Pekalongan,less than elementary,14231
Kota Pekalongan,university,14465
Kota Pekanbaru,elementary,79221
Kota Pekanbaru,high school,310043
Kota Pekanbaru,junior high school,132908
Kota Pekanbaru,less than elementary,17471
Kota Pekanbaru,university,91918
Kota Pematang Siantar,elementary,22080
Kota Pematang Siantar,high school,78806
Kota Pematang Siantar,junior high school,40199
Kota Pematang Siantar,less than elementary,3959
Kota Pematang Siantar,university,19597
Kota Pontianak,elementary,78659
Kota Pontianak,high school,156248
Kota Pontianak,junior high school,77190
Kota Pontianak,less than elementary,22977
Kota Pontianak,university,48247
Kota Prabumulih,elementary,30869
Kota Prabumulih,high school,38647
Kota Prabumulih,junior high school,22715
Kota Prabumulih,less than elementary,6834
Kota Prabumulih,university,10376
Kota Probolinggo,elementary,43550
Kota Probolinggo,high school,46273
Kota Probolinggo,junior high school,30680
Kota Probolinggo,less than elementary,10387
Kota Probolinggo,university,13897
Kota Sabang,elementary,3576
Kota Sabang,high school,8224
Kota Sabang,junior high school,4658
Kota Sabang,less than elementary,919
Kota Sabang,university,3190
Kota Salatiga,elementary,26028
Kota Salatiga,high school,48167
Kota Salatiga,junior high school,27663
Kota Salatiga,less than elementary,6959
Kota Salatiga,university,17961
Kota Samarinda,elementary,104882
Kota Samarinda,high school,212702
Kota Samarinda,junior high school,116932
Kota Samarinda,less than elementary,18615
Kota Samarinda,university,59960
Kota Sawah Lunto,elementary,9916
Kota Sawah Lunto,high school,11635
Kota Sawah Lunto,junior high school,8810
Kota Sawah Lunto,less than elementary,4415
Kota Sawah Lunto,university,4277
Kota Semarang,elementary,200288
Kota Semarang,high school,471804
Kota Semarang,junior high school,239655
Kota Semarang,less than elementary,66691
Kota Semarang,university,181264
Kota Serang,elementary,137677
Kota Serang,high school,106263
Kota Serang,junior high school,78787
Kota Serang,less than elementary,21126
Kota Serang,university,30061
Kota Sibolga,elementary,11841
Kota Sibolga,high school,21745
Kota Sibolga,junior high school,15436
Kota Sibolga,less than elementary,2431
Kota Sibolga,university,4220
Kota Singkawang,elementary,35416
Kota Singkawang,high school,30281
Kota Singkawang,junior high school,24219
Kota Singkawang,less than elementary,15729
Kota Singkawang,university,7687
Kota Solok,elementary,6724
Kota Solok,high school,15031
Kota Solok,junior high school,9650
Kota Solok,less than elementary,2581
Kota Solok,university,6146
Kota Sorong,elementary,20515
Kota Sorong,high school,56845
Kota Sorong,junior high school,29884
Kota Sorong,less than elementary,5384
Kota Sorong,university,13990
Kota Subulussalam,elementary,12919
Kota Subulussalam,high school,7417
Kota Subulussalam,junior high school,8459
Kota Subulussalam,less than elementary,3813
Kota Subulussalam,university,2758
Kota Sukabumi,elementary,67803
Kota Sukabumi,high school,67878
Kota Sukabumi,junior high school,45926
Kota Sukabumi,less than elementary,9337
Kota Sukabumi,university,19917
Kota Sungai Penuh,elementary,11146
Kota Sungai Penuh,high school,20261
Kota Sungai Penuh,junior high school,12885
Kota Sungai Penuh,less than elementary,4277
Kota Sungai Penuh,university,6826
Kota Surabaya,elementary,441233
Kota Surabaya,high school,854049
Kota Surabaya,junior high school,447819
Kota Surabaya,less than elementary,61152
Kota Surabaya,university,278390
Kota Surakarta,elementary,71277
Kota Surakarta,high school,156197
Kota Surakarta,junior high school,82632
Kota Surakarta,less than elementary,13067
Kota Surakarta,university,55321
Kota Tangerang,elementary,230216
Kota Tangerang,high school,572246
Kota Tangerang,junior high school,306294
Kota Tangerang,less than elementary,36671
Kota Tangerang,university,154394
Kota Tangerang Selatan,elementary,157397
Kota Tangerang Selatan,high school,381863
Kota Tangerang Selatan,junior high school,191021
Kota Tangerang Selatan,less than elementary,23686
Kota Tangerang Selatan,university,181035
Kota Tanjung Balai,elementary,30179
Kota Tanjung Balai,high school,31568
Kota Tanjung Balai,junior high school,25689
Kota Tanjung Balai,less than elementary,5679
Kota Tanjung Balai,university,6398
Kota Tanjung Pinang,elementary,28916
Kota Tanjung Pinang,high school,52643
Kota Tanjung Pinang,junior high school,28797
Kota Tanjung Pinang,less than elementary,6762
Kota Tanjung Pinang,university,13293
Kota Tarakan,elementary,33925
Kota Tarakan,high school,46799
Kota Tarakan,junior high school,31700
Kota Tarakan,less than elementary,6615
Kota Tarakan,university,9571
Kota Tasikmalaya,elementary,201202
Kota Tasikmalaya,high school,108708
Kota Tasikmalaya,junior high school,93796
Kota Tasikmalaya,less than elementary,11823
Kota Tasikmalaya,university,32725
Kota Tebing Tinggi,elementary,21682
Kota Tebing Tinggi,high school,41758
Kota Tebing Tinggi,junior high school,26224
Kota Tebing Tinggi,less than elementary,3095
Kota Tebing Tinggi,university,8253
Kota Tegal,elementary,55684
Kota Tegal,high school,46988
Kota Tegal,junior high school,38386
Kota Tegal,less than elementary,14204
Kota Tegal,university,13174
Kota Ternate,elementary,18073
Kota Ternate,high school,63063
Kota Ternate,junior high school,26149
Kota Ternate,less than elementary,4668
Kota Ternate,university,17532
Kota Tidore Kepulauan,elementary,17957
Kota Tidore Kepulauan,high school,15914
Kota Tidore Kepulauan,junior high school,13280
Kota Tidore Kepulauan,less than elementary,5178
Kota Tidore Kepulauan,university,6200
Kota Tomohon,elementary,13731
Kota Tomohon,high school,27170
Kota Tomohon,junior high school,16047
Kota Tomohon,less than elementary,4534
Kota Tomohon,university,6638
Kota Tual,elementary,9793
Kota Tual,high school,12004
Kota Tual,junior high school,8772
Kota Tual,less than elementary,2022
Kota Tual,university,3181
Kota Yogyakarta,elementary,38015
Kota Yogyakarta,high school,136856
Kota Yogyakarta,junior high school,55612
Kota Yogyakarta,less than elementary,13503
Kota Yogyakarta,university,61111
